report_id,country_code,rate,age
1,AFG,30.3077507,adult
2,AFG,45.417099,adult
3,AFG,52.06343079,adult
4,ALB,99.18760681,adult
5,ALB,97.30619812,adult
6,ALB,98.00816345,adult
7,ALB,98.35260773,adult
8,ALB,98.51361847,adult
9,DZA,63.37742996,adult
10,DZA,79.18669128,adult
11,DZA,81.28404236,adult
12,DZA,82.6158371,adult
13,DZA,87.42295837,adult
14,ASM,97.46996307,adult
15,AGO,82.91986847,adult
16,AGO,79.97415161,adult
17,ATG,98.40000153,adult
18,ATG,98.40000153,adult
19,ATG,98.40000153,adult
20,ARG,94.26338959,adult
21,ARG,96.17405701,adult
22,ARG,97.19319916,adult
23,ARG,98.72718811,adult
24,ARG,98.96272278,adult
25,ARG,98.98532104,adult
26,ARG,99.22830963,adult
27,ARG,99.11112976,adult
28,ARG,99.15602875,adult
29,ARG,99.06124878,adult
30,ARG,99.14824677,adult
31,ARG,99.1049881,adult
32,ARG,98.93773651,adult
33,ARM,99.40384674,adult
34,ARM,99.67223358,adult
35,ARM,99.80608368,adult
36,ARM,99.80549622,adult
37,ARM,99.84332275,adult
38,ABW,97.53739929,adult
39,ABW,96.94052887,adult
40,ABW,97.80013275,adult
41,AZE,99.47241974,adult
42,AZE,99.82096863,adult
43,AZE,99.84266663,adult
44,AZE,99.85443878,adult
45,AZE,99.85665894,adult
46,AZE,99.85285187,adult
47,AZE,99.86592102,adult
48,AZE,99.86200714,adult
49,AZE,99.86263275,adult
50,AZE,99.86405182,adult
51,AZE,99.86374664,adult
52,AZE,99.86824036,adult
53,BHR,76.51837158,adult
54,BHR,88.53736877,adult
55,BHR,88.55410767,adult
56,BHR,92.14543915,adult
57,BGD,39.7322998,adult
58,BGD,44.31428146,adult
59,BGD,53.89609146,adult
60,BGD,49.8323288,adult
61,BGD,62.48305893,adult
62,BGD,61.54286957,adult
63,BGD,64.21376801,adult
64,BGD,64.36508942,adult
65,BGD,68.05535889,adult
66,BGD,75.61885071,adult
67,BGD,75.70236206,adult
68,BGD,76.66925812,adult
69,BGD,77.44149017,adult
70,BGD,77.81671143,adult
71,BRB,99.28723145,adult
72,BRB,99.59999847,adult
73,BRB,99.59999847,adult
74,BRB,99.59999847,adult
75,BRB,99.59999847,adult
76,BLR,99.38417816,adult
77,BLR,99.79210663,adult
78,BLR,99.76368713,adult
79,BLR,99.87095642,adult
80,BLZ,70.26876831,adult
81,BLZ,76.68373108,adult
82,BEN,25.19005966,adult
83,BEN,39.90332031,adult
84,BEN,47.86595917,adult
85,BEN,40.61616898,adult
86,BEN,44.96025848,adult
87,BEN,53.97703171,adult
88,BTN,65.0477829,adult
89,BTN,66.00305939,adult
90,BTN,75.01985168,adult
91,BOL,75.84288788,adult
92,BOL,88.15558624,adult
93,BOL,93.05747223,adult
94,BOL,96.03626251,adult
95,BOL,94.95542908,adult
96,BOL,95.80364227,adult
97,BOL,96.60105133,adult
98,BOL,97.10704803,adult
99,BOL,96.52275085,adult
100,BIH,96.30541992,adult
101,BIH,99.03370667,adult
102,BIH,99.54132843,adult
103,BIH,99.17627716,adult
104,BWA,65.38694,adult
105,BWA,80.43010712,adult
106,BWA,86.12213898,adult
107,BRA,76.37735748,adult
108,BRA,86.22798157,adult
109,BRA,88.40946198,adult
110,BRA,89.35324097,adult
111,BRA,89.7721405,adult
112,BRA,89.83786774,adult
113,BRA,90.17484283,adult
114,BRA,90.05618286,adult
115,BRA,91.16898346,adult
116,BRA,91.02567291,adult
117,BRA,91.17796326,adult
118,BRA,91.36676788,adult
119,BRA,91.72515869,adult
120,BRA,92.57515717,adult
121,BRA,92.8915329,adult
122,BRA,93.00904083,adult
123,BRN,85.1368103,adult
124,BRN,92.45218658,adult
125,BRN,95.15042114,adult
126,BRN,97.42816162,adult
127,BRN,98.05361938,adult
128,BGR,98.73660278,adult
129,BGR,98.74723053,adult
130,BFA,14.52849007,adult
131,BFA,19.62612915,adult
132,BFA,18.51778984,adult
133,BFA,29.36199951,adult
134,BFA,31.37454987,adult
135,BFA,29.71435928,adult
136,BFA,36.57479858,adult
137,BFA,44.37945175,adult
138,BFA,49.17272949,adult
139,BDI,34.26271057,adult
140,BDI,48.23625183,adult
141,BDI,67.30693054,adult
142,BDI,53.12839127,adult
143,BDI,69.58728027,adult
144,BDI,76.29605103,adult
145,KHM,79.48217773,adult
146,KHM,84.68000793,adult
147,KHM,84.98745728,adult
148,KHM,83.93267822,adult
149,KHM,84.81414795,adult
150,KHM,86.53244019,adult
151,CMR,54.62984848,adult
152,CMR,79.19451904,adult
153,CMR,78.9499588,adult
154,CMR,78.32769012,adult
155,CMR,82.6280365,adult
156,CPV,74.75926971,adult
157,CPV,83.83760834,adult
158,CPV,90.47450256,adult
159,CPV,91.69143677,adult
160,CYM,98.72238922,adult
161,CAF,29.5929203,adult
162,CAF,48.02030182,adult
163,CAF,66.78952789,adult
164,CAF,50.71271133,adult
165,CAF,49.51459122,adult
166,TCD,18.26059914,adult
167,TCD,40.8270607,adult
168,TCD,39.3682518,adult
169,TCD,38.91820145,adult
170,TCD,31.32879066,adult
171,CHL,91.48053741,adult
172,CHL,94.5630722,adult
173,CHL,95.79640961,adult
174,CHL,97.70249939,adult
175,CHL,97.88935852,adult
176,CHL,96.89878082,adult
177,CHL,96.38800812,adult
178,CHL,97.02468872,adult
179,CHL,96.48062897,adult
180,CHN,79.19178009,adult
181,CHN,87.02497864,adult
182,CHN,95.13524628,adult
183,CHN,97.47946167,adult
184,CHN,98.46653748,adult
185,COL,90.97265625,adult
186,COL,91.0891037,adult
187,COL,92.9041214,adult
188,COL,92.77794647,adult
189,COL,92.39279938,adult
190,COL,92.42970276,adult
191,COL,93.31687927,adult
192,COL,93.06253815,adult
193,COL,93.25019073,adult
194,COL,93.48825836,adult
195,COL,93.86740112,adult
196,COL,94.06317139,adult
197,COL,94.40228271,adult
198,COL,94.85182953,adult
199,COL,95.01589203,adult
200,COL,95.38252258,adult
201,COM,55.97703934,adult
202,COM,74.51403809,adult
203,COM,56.47980118,adult
204,COM,64.64420319,adult
205,COG,71.32911682,adult
206,COG,86.04982758,adult
207,COG,86.43431091,adult
208,COG,86.07650757,adult
209,CRI,92.68213654,adult
210,CRI,94.650177,adult
211,CRI,97.30632782,adult
212,CRI,97.80235291,adult
213,CIV,44.36354065,adult
214,CIV,43.94641876,adult
215,CIV,60.86066055,adult
216,CIV,51.59267044,adult
217,CIV,50.70190048,adult
218,CIV,93.14134979,adult
219,HRV,98.75705719,adult
220,HRV,99.32058716,adult
221,HRV,99.62970734,adult
222,CUB,99.80731201,adult
223,CUB,99.70606232,adult
224,CYP,97.83058929,adult
225,CYP,98.63104248,adult
226,CYP,99.28614807,adult
227,COD,80.92324066,adult
228,COD,76.91568756,adult
229,COD,87.90838623,adult
230,COD,88.52468872,adult
231,DOM,73.59024811,adult
232,DOM,86.8110199,adult
233,DOM,88.21015167,adult
234,DOM,89.37703705,adult
235,DOM,89.98500824,adult
236,DOM,90.08482361,adult
237,DOM,90.45812988,adult
238,DOM,91.37159729,adult
239,DOM,91.65071106,adult
240,DOM,93.79360199,adult
241,ECU,86.78697205,adult
242,ECU,90.49677277,adult
243,ECU,92.32713318,adult
244,ECU,93.3891983,adult
245,ECU,93.74945068,adult
246,ECU,93.66378021,adult
247,ECU,93.31687164,adult
248,ECU,93.05252075,adult
249,ECU,93.25424194,adult
250,ECU,94.42572784,adult
251,ECU,95.25717163,adult
252,ECU,95.72621918,adult
253,ECU,95.44502258,adult
254,ECU,93.77906036,adult
255,ECU,94.81250763,adult
256,EGY,53.6151886,adult
257,EGY,56.97615814,adult
258,EGY,67.15177917,adult
259,EGY,77.91013336,adult
260,EGY,74.62180328,adult
261,EGY,80.26864624,adult
262,EGY,81.67922211,adult
263,EGY,81.69406128,adult
264,EGY,76.49521637,adult
265,SLV,77.37241364,adult
266,SLV,86.69534302,adult
267,SLV,84.86406708,adult
268,SLV,87.05467987,adult
269,SLV,86.82521057,adult
270,SLV,87.09970093,adult
271,SLV,88.39164734,adult
272,SLV,89.23500824,adult
273,SLV,90.0099411,adult
274,SLV,90.29927063,adult
275,SLV,90.63137817,adult
276,SLV,91.1023407,adult
277,SLV,91.30619812,adult
278,GNQ,94.84261322,adult
279,GNQ,97.18399811,adult
280,ERI,65.39012146,adult
281,ERI,75.07241058,adult
282,ERI,84.37323761,adult
283,EST,99.87597656,adult
284,EST,99.77594757,adult
285,EST,99.85897827,adult
286,SWZ,57.38439178,adult
287,SWZ,69.68347168,adult
288,SWZ,83.15461731,adult
289,SWZ,83.90014648,adult
290,SWZ,88.2875824,adult
291,ETH,35.98252869,adult
292,ETH,50,adult
293,ETH,41.9366188,adult
294,ETH,49.13465881,adult
295,ETH,59.24145889,adult
296,GAB,79.44418335,adult
297,GAB,84.87329865,adult
298,GAB,85.85234833,adult
299,GMB,48.98115158,adult
300,GMB,51.41804123,adult
301,GMB,61.76725006,adult
302,GEO,99.76898193,adult
303,GEO,99.66821289,adult
304,GEO,99.43752289,adult
305,GEO,99.68112183,adult
306,GHA,66.35128021,adult
307,GHA,78.34890747,adult
308,GHA,83.52458191,adult
309,GRC,96.063797,adult
310,GRC,96.03746033,adult
311,GRC,97.81121826,adult
312,GRC,95.45005798,adult
313,GRC,96.15756989,adult
314,GRC,96.06622314,adult
315,GRC,98.2821579,adult
316,GRC,98.50704956,adult
317,GRD,98.04715729,adult
318,GRD,98.58000183,adult
319,GRD,98.58000183,adult
320,GRD,98.58000183,adult
321,GRD,98.58000183,adult
322,GUM,96.38265991,adult
323,GUM,99.41710663,adult
324,GTM,71.70639038,adult
325,GTM,75.41558075,adult
326,GTM,84.84873199,adult
327,GTM,82.72068024,adult
328,GTM,86.75615692,adult
329,GTM,85.34117889,adult
330,GIN,32.89533997,adult
331,GIN,42.9031601,adult
332,GIN,36.78979111,adult
333,GIN,43.64009094,adult
334,GIN,54.43117142,adult
335,GNB,33.34894943,adult
336,GNB,57.61375046,adult
337,GNB,62.15797043,adult
338,GUY,82.43656158,adult
339,GUY,86.31437683,adult
340,HTI,37.12974167,adult
341,HTI,63.09001923,adult
342,HTI,53.35504913,adult
343,HTI,65.27764893,adult
344,HND,79.78523254,adult
345,HND,83.74603271,adult
346,HND,84.78900909,adult
347,HND,85.34127808,adult
348,HND,85.69619751,adult
349,HND,85.66837311,adult
350,HND,87.39595032,adult
351,HND,87.92208099,adult
352,HND,89.04894257,adult
353,HND,87.13764191,adult
354,HND,88.24963379,adult
355,HUN,99.30319214,adult
356,HUN,99.16000366,adult
357,IND,54.84101868,adult
358,IND,61.64191818,adult
359,IND,73.4118576,adult
360,IND,75.19190216,adult
361,IND,78.87722778,adult
362,IND,82.36670685,adult
363,IDN,77.47499847,adult
364,IDN,88.02452087,adult
365,IDN,94.03507996,adult
366,IDN,95.15853882,adult
367,IDN,95.38318634,adult
368,IDN,95.6470108,adult
369,IDN,95.59108734,adult
370,IDN,96.791008,adult
371,IDN,97.10652161,adult
372,IDN,97.17443848,adult
373,IDN,97.33133698,adult
374,IDN,97.4493103,adult
375,IRN,48.18333054,adult
376,IRN,63.09954834,adult
377,IRN,74.27448273,adult
378,IRN,79.87161255,adult
379,IRN,83.5,adult
380,IRN,88.01032257,adult
381,IRN,87.27218628,adult
382,IRN,88.17703247,adult
383,IRN,88.87982178,adult
384,IRN,89.54248047,adult
385,IRN,89.63542175,adult
386,IRN,90.35240936,adult
387,IRQ,84.08740997,adult
388,IRQ,85.90000153,adult
389,IRQ,81.40000153,adult
390,IRQ,90,adult
391,IRQ,90,adult
392,IRQ,91.19999695,adult
393,ISR,94.96340179,adult
394,ITA,97.46465302,adult
395,ITA,98.82369232,adult
396,ITA,99.14100647,adult
397,ITA,99.35344696,adult
398,JAM,74.08184052,adult
399,JAM,83.44000244,adult
400,JOR,80.48261261,adult
401,JOR,95.08450317,adult
402,JOR,95.17645264,adult
403,JOR,95.49455261,adult
404,JOR,95.76724243,adult
405,JOR,97.74835968,adult
406,JOR,98.44455719,adult
407,JOR,98.61421204,adult
408,KAZ,99.07195282,adult
409,KAZ,99.76329803,adult
410,KAZ,99.78624725,adult
411,KAZ,99.8296814,adult
412,KAZ,99.8296814,adult
413,KEN,87.49465942,adult
414,KEN,78.07914734,adult
415,KEN,83.7780304,adult
416,KEN,84.98883057,adult
417,KWT,68.02863312,adult
418,KWT,72.78765106,adult
419,KWT,78.19730377,adult
420,KWT,81.12094879,adult
421,KWT,94.44603729,adult
422,KWT,94.52522278,adult
423,KWT,94.79457855,adult
424,KWT,95.01587677,adult
425,KWT,95.54531097,adult
426,KWT,95.83972168,adult
427,KWT,96.35418701,adult
428,KWT,96.39225006,adult
429,KWT,96.69714355,adult
430,KWT,96.66645813,adult
431,KWT,97.05384827,adult
432,KGZ,99.30670929,adult
433,KGZ,99.5187912,adult
434,KGZ,99.67700958,adult
435,LAO,73.48625183,adult
436,LAO,81.36018372,adult
437,LAO,77.00605774,adult
438,LAO,82.45175171,adult
439,LAO,67.35858154,adult
440,LAO,89.96128082,adult
441,LVA,99.7543335,adult
442,LVA,99.79334259,adult
443,LVA,99.88110352,adult
444,LVA,99.86837006,adult
445,LBN,93.37893677,adult
446,LBN,94.27194977,adult
447,LBN,96.85466003,adult
448,LSO,79.99578094,adult
449,LSO,65.5219574,adult
450,LSO,67.74746704,adult
451,LBR,44.87931824,adult
452,LBR,60.77481079,adult
453,LBR,62.69655991,adult
454,LBY,76.99263,adult
455,LBY,87.72000122,adult
456,LBY,93.84999847,adult
457,LTU,99.20681,adult
458,LTU,99.64315033,adult
459,LTU,99.79418945,adult
460,MAC,92.80967712,adult
461,MAC,95.27620697,adult
462,MAC,96.46999359,adult
463,MAC,97.75128937,adult
464,MAC,98.18592072,adult
465,MDG,76.53832245,adult
466,MDG,63.34706879,adult
467,MDG,67.41731262,adult
468,MDG,75.02886963,adult
469,MDG,78.37828064,adult
470,MWI,65.27950287,adult
471,MWI,74.92640686,adult
472,MWI,72.09764862,adult
473,MWI,75.97926331,adult
474,MWI,69.75396729,adult
475,MYS,78.14633179,adult
476,MYS,88.56298828,adult
477,MYS,91.96923828,adult
478,MYS,95.43374634,adult
479,MYS,96.29699707,adult
480,MYS,96.49912262,adult
481,MYS,96.12304688,adult
482,MYS,96.21800232,adult
483,MDV,82.40484619,adult
484,MDV,92.11401367,adult
485,MDV,95.89713287,adult
486,MDV,96.21227264,adult
487,MDV,98.36569214,adult
488,MDV,98.52033997,adult
489,MDV,97.29892731,adult
490,MLI,13.51292038,adult
491,MLI,26.73296928,adult
492,MLI,32.70000076,adult
493,MLI,34.85789108,adult
494,MLI,43.40063095,adult
495,MLI,43.52046967,adult
496,MLI,45.06592178,adult
497,MLI,46.18413925,adult
498,MLI,40.43405151,adult
499,MLT,86.55354309,adult
500,MLT,86.43028259,adult
501,MLT,91.18657684,adult
502,MLT,91.79264832,adult
503,MLT,93.00997162,adult
504,MHL,98.3250885,adult
505,MRT,59.54032898,adult
506,MRT,57.4043808,adult
507,MRT,67.95720673,adult
508,MRT,63.74855042,adult
509,MUS,85.14575195,adult
510,MUS,88.2278595,adult
511,MUS,91.95172119,adult
512,MUS,94.65241241,adult
513,MUS,94.03688812,adult
514,MUS,94.76538086,adult
515,MUS,94.86116791,adult
516,MUS,95.43585968,adult
517,MUS,93.35735321,adult
518,MEX,86.24265289,adult
519,MEX,90.34739685,adult
520,MEX,92.55937195,adult
521,MEX,91.99780273,adult
522,MEX,92.44960785,adult
523,MEX,93.1904068,adult
524,MEX,93.90119934,adult
525,MEX,94.44151306,adult
526,MEX,94.59216309,adult
527,MEX,94.91657257,adult
528,MEX,94.38394165,adult
529,MEX,94.78276825,adult
530,MEX,95.39163208,adult
531,MEX,95.11210632,adult
532,MEX,95.62046814,adult
533,MEX,95.54933167,adult
534,MEX,95.84481812,adult
535,MEX,95.87236786,adult
536,MEX,96.23290253,adult
537,MEX,96.05874634,adult
538,MDA,98.61405182,adult
539,MDA,97.97762299,adult
540,MDA,99.60201263,adult
541,MNG,98.01677704,adult
542,MNG,98.17469788,adult
543,MNG,98.18601227,adult
544,MNG,99.12138367,adult
545,MNE,96.32053375,adult
546,MNE,89.28208923,adult
547,MNE,99.30319214,adult
548,MNE,99.43121338,adult
549,MNE,99.45046997,adult
550,MAR,43.7143898,adult
551,MAR,55.15517044,adult
552,MAR,65.70675659,adult
553,MAR,68.36585999,adult
554,MAR,68.9176178,adult
555,MAR,76.07357788,adult
556,MAR,80.38336182,adult
557,MAR,75.36726379,adult
558,MAR,83.30135345,adult
559,MOZ,43.77833176,adult
560,MOZ,54.81887817,adult
561,MOZ,65.57710266,adult
562,MOZ,67.35469818,adult
563,MOZ,70.75839233,adult
564,MOZ,72.59944916,adult
565,MMR,85.7883606,adult
566,MMR,93.924263,adult
567,MMR,80.01158905,adult
568,MMR,92.39292908,adult
569,NAM,77.80812073,adult
570,NAM,86.55522919,adult
571,NAM,74.32834625,adult
572,NAM,88.63123322,adult
573,NAM,91.62741852,adult
574,NPL,31.67275047,adult
575,NPL,49.22002029,adult
576,NPL,62.70801163,adult
577,NPL,71.70838165,adult
578,NPL,78.59133911,adult
579,NCL,92.19094086,adult
580,NCL,94.04418945,adult
581,NCL,96.78476715,adult
582,NCL,98.13999939,adult
583,NIC,76.76049042,adult
584,NIC,78.09642792,adult
585,NIC,82.43855286,adult
586,NER,19.64006042,adult
587,NER,42.92736816,adult
588,NER,39.05868912,adult
589,NER,43.59405899,adult
590,NGA,67.65373993,adult
591,NGA,66.76743317,adult
592,NGA,76.13186646,adult
593,NGA,61.25405121,adult
594,NGA,71.25570679,adult
595,PRK,99.99887848,adult
596,MKD,97.23235321,adult
597,MKD,98.21278381,adult
598,MKD,98.80999756,adult
599,MKD,99.11786652,adult
600,OMN,86.86234283,adult
601,OMN,89.99932098,adult
602,OMN,90.24302673,adult
603,OMN,94.99073792,adult
604,OMN,96.63287354,adult
605,OMN,96.63082886,adult
606,OMN,97.02387238,adult
607,OMN,96.98941803,adult
608,PAK,35.38064957,adult
609,PAK,55.29661179,adult
610,PAK,64.06047821,adult
611,PAK,67.65184021,adult
612,PAK,65.00493622,adult
613,PAK,68.8660965,adult
614,PAK,68.62761688,adult
615,PAK,68.90061188,adult
616,PAK,66.99114227,adult
617,PAK,69.85822296,adult
618,PAK,68.62934113,adult
619,PAK,69.06681061,adult
620,PAK,71.11599731,adult
621,PAK,69.27658081,adult
622,PAK,69.28746033,adult
623,PLW,93.2873764,adult
624,PLW,99.46720886,adult
625,PLW,96.81275177,adult
626,PSE,92.24852753,adult
627,PSE,96.07893372,adult
628,PSE,97.08058929,adult
629,PSE,97.10471344,adult
630,PSE,97.20130157,adult
631,PSE,97.31667328,adult
632,PSE,97.52520752,adult
633,PSE,97.74404907,adult
634,PSE,98.06757355,adult
635,PSE,98.26705933,adult
636,PSE,98.27913666,adult
637,PSE,98.37687683,adult
638,PSE,98.50679016,adult
639,PSE,98.52600861,adult
640,PSE,98.65782166,adult
641,PSE,98.80442047,adult
642,PSE,98.79380035,adult
643,PAN,88.09651947,adult
644,PAN,89.33695984,adult
645,PAN,92.54792786,adult
646,PAN,94.70741272,adult
647,PAN,95.96893311,adult
648,PAN,96.14089966,adult
649,PNG,63.44522095,adult
650,PNG,65.29000092,adult
651,PRY,81.08306885,adult
652,PRY,92.00015259,adult
653,PRY,95.71237946,adult
654,PRY,94.12631989,adult
655,PRY,94.36772919,adult
656,PRY,94.8131485,adult
657,PRY,94.81725311,adult
658,PRY,95.6661911,adult
659,PRY,95.87412262,adult
660,PRY,96.25430298,adult
661,PRY,95.47605896,adult
662,PRY,94.51148224,adult
663,PRY,93.78816986,adult
664,PRY,94.92147064,adult
665,PER,90.1435318,adult
666,PER,92.85101318,adult
667,PER,93.46070099,adult
668,PER,93.7183075,adult
669,PER,94.22582245,adult
670,PER,94.85703278,adult
671,PER,96.95012665,adult
672,PER,96.94898224,adult
673,PER,97.10637665,adult
674,PER,97.1884613,adult
675,PER,97.03974152,adult
676,PER,97.12136841,adult
677,PER,96.98989105,adult
678,PHL,83.88928986,adult
679,PHL,93.97168732,adult
680,PHL,93.30285645,adult
681,PHL,92.54499817,adult
682,PHL,91.63449097,adult
683,PHL,95.01213074,adult
684,PHL,96.00833893,adult
685,PHL,98.12325287,adult
686,PHL,95.70572662,adult
687,POL,99.27516937,adult
688,POL,99.27516937,adult
689,POL,99.27516937,adult
690,POL,99.27516937,adult
691,PRT,84.83334351,adult
692,PRT,91.58705902,adult
693,PRT,96.2855835,adult
694,PRT,97.35362244,adult
695,PRI,87.74803162,adult
696,PRI,89.50269318,adult
697,PRI,91.33078003,adult
698,PRI,92.38996124,adult
699,QAT,76.79582977,adult
700,QAT,84.24456024,adult
701,QAT,86.73982239,adult
702,QAT,89.95789337,adult
703,QAT,91.43579102,adult
704,QAT,91.36682129,adult
705,QAT,91.74861908,adult
706,QAT,91.65413666,adult
707,QAT,89.9982605,adult
708,QAT,90.34342957,adult
709,QAT,91.04651642,adult
710,QAT,92.88156128,adult
711,QAT,93.14446259,adult
712,ROU,98.53202057,adult
713,ROU,98.40440369,adult
714,ROU,99.0342865,adult
715,ROU,99.10800934,adult
716,RUS,99.45623779,adult
717,RUS,99.69407654,adult
718,RUS,99.72830963,adult
719,RUS,99.72515869,adult
720,RWA,50.82326126,adult
721,RWA,71.41938019,adult
722,RWA,71.13053894,adult
723,RWA,72.4451828,adult
724,RWA,76.14972687,adult
725,RWA,77.55879974,adult
726,WSM,98.41568756,adult
727,WSM,98.88191986,adult
728,WSM,98.95609283,adult
729,STP,73.14115143,adult
730,STP,85.24964142,adult
731,STP,92.23467255,adult
732,STP,80.33023834,adult
733,STP,94.95616913,adult
734,STP,96.16268158,adult
735,SAU,79.96852875,adult
736,SAU,87.06076813,adult
737,SAU,87.53204346,adult
738,SAU,96.53143311,adult
739,SAU,97.10370636,adult
740,SAU,98.62293243,adult
741,SEN,36.90288162,adult
742,SEN,51.05152893,adult
743,SEN,52.25848007,adult
744,SEN,59.78427124,adult
745,SEN,66.03601074,adult
746,SEN,53.9004097,adult
747,SEN,64.81227875,adult
748,SRB,98.90718079,adult
749,SRB,99.26464081,adult
750,SRB,99.49970245,adult
751,SRB,99.87580872,adult
752,SYC,82.93166351,adult
753,SYC,87.01515961,adult
754,SYC,91.40731812,adult
755,SYC,93.46392059,adult
756,SYC,95.41175842,adult
757,SLE,46.65428925,adult
758,SLE,41.33216858,adult
759,SLE,51.6468811,adult
760,SGP,91.56623077,adult
761,SGP,95.09316254,adult
762,SGP,96.56510162,adult
763,SGP,98.03713989,adult
764,SGP,98.39283752,adult
765,SGP,98.46945953,adult
766,SGP,98.5425415,adult
767,SGP,98.60901642,adult
768,SGP,98.55957031,adult
769,SGP,98.73446655,adult
770,SGP,98.79692078,adult
771,SGP,98.85089874,adult
772,SGP,98.90351868,adult
773,SVN,99.60208893,adult
774,SVN,99.69000244,adult
775,SVN,99.69000244,adult
776,SLB,83.69999695,adult
777,SLB,83.69999695,adult
778,SOM,7.198440075,adult
779,ZAF,77.52559662,adult
780,ZAF,84.07138062,adult
781,ZAF,90.71759033,adult
782,ZAF,94.12145996,adult
783,ZAF,94.14385223,adult
784,ZAF,94.24508667,adult
785,ZAF,94.96372223,adult
786,ZAF,95.28684998,adult
787,ZAF,95.39653015,adult
788,ZAF,87.67774963,adult
789,ZAF,95.54537201,adult
790,KOR,98.31552124,adult
791,SSD,34.83692932,adult
792,SSD,40.26480865,adult
793,ESP,95.8975296,adult
794,ESP,98.03549194,adult
795,ESP,98.14391327,adult
796,ESP,98.61746979,adult
797,ESP,98.56102753,adult
798,ESP,98.633461,adult
799,ESP,98.40229797,adult
800,ESP,98.46193695,adult
801,ESP,98.52571106,adult
802,ESP,98.53618622,adult
803,ESP,98.60652924,adult
804,ESP,98.74874878,adult
805,ESP,98.73126984,adult
806,ESP,98.77088928,adult
807,ESP,98.83596802,adult
808,ESP,98.92539215,adult
809,ESP,99.02506256,adult
810,LKA,91.3483963,adult
811,LKA,92.27020264,adult
812,LKA,92.71365356,adult
813,LKA,92.243927,adult
814,LKA,92.57846832,adult
815,LKA,93.45588684,adult
816,LKA,92.98055267,adult
817,LKA,92.77292633,adult
818,LKA,93.03135681,adult
819,SDN,71.58101654,adult
820,SDN,59.79824829,adult
821,SDN,65.43515015,adult
822,SUR,92.0163269,adult
823,SUR,95.49294281,adult
824,SUR,95.36479187,adult
825,SUR,94.86987305,adult
826,SUR,96.07404327,adult
827,SYR,73.58422089,adult
828,SYR,91.02857208,adult
829,SYR,87.75814056,adult
830,TJK,98.79109192,adult
831,TJK,99.68399048,adult
832,TJK,99.81999969,adult
833,TZA,71.3657074,adult
834,TZA,77.50640106,adult
835,TZA,75.46779633,adult
836,TZA,83.37769318,adult
837,TZA,83.20484924,adult
838,THA,92.21295929,adult
839,THA,94.90157318,adult
840,THA,95.60024261,adult
841,THA,96.43502045,adult
842,THA,95.25125885,adult
843,THA,94.65911865,adult
844,THA,95.20239258,adult
845,TLS,45.29999924,adult
846,TLS,58.5,adult
847,TLS,63.59178925,adult
848,TLS,71.86872101,adult
849,TGO,68.72573853,adult
850,TGO,70.2702713,adult
851,TGO,71.16635132,adult
852,TGO,74.05682373,adult
853,TGO,77.25942993,adult
854,TGO,79.99169159,adult
855,TON,99.65866089,adult
856,TON,98.83406067,adult
857,TON,98.95388031,adult
858,TON,99.33509827,adult
859,TON,99.35098267,adult
860,TTO,96.52153015,adult
861,TTO,98.00980377,adult
862,TTO,98.75,adult
863,TTO,99.13999939,adult
864,TUN,60.40723038,adult
865,TUN,83.38509369,adult
866,TUN,86.05368042,adult
867,TUN,86.37580872,adult
868,TUN,87.37573242,adult
869,TUN,87.76075745,adult
870,TUN,88.47577667,adult
871,TUN,86.06011963,adult
872,TUR,77.50393677,adult
873,TUR,81.44944,adult
874,TUR,87.61972046,adult
875,TUR,89.84703064,adult
876,TUR,95.27349091,adult
877,TUR,96.00061798,adult
878,TUR,95.99562073,adult
879,TUR,96.20185852,adult
880,TUR,96.37770844,adult
881,TUR,97.29981232,adult
882,TUR,97.93498993,adult
883,TUR,98.26290131,adult
884,TUR,98.40136719,adult
885,TUR,98.49678802,adult
886,TUR,98.57562256,adult
887,TUR,98.77583313,adult
888,TUR,98.81996155,adult
889,TUR,99.07530975,adult
890,TKM,99.32498169,adult
891,TKM,99.75,adult
892,UGA,68.1980896,adult
893,UGA,78.30402374,adult
894,UGA,81.38858795,adult
895,UGA,82.63139343,adult
896,UGA,79.12303925,adult
897,UGA,82.65601349,adult
898,UKR,99.74343109,adult
899,UKR,99.99394226,adult
900,ARE,58.3861084,adult
901,ARE,72.27427673,adult
902,ARE,89.48210144,adult
903,ARE,98.02413177,adult
904,URY,93.38825989,adult
905,URY,94.83361053,adult
906,URY,96.24452972,adult
907,URY,97.44477844,adult
908,URY,97.42169189,adult
909,URY,97.83128357,adult
910,URY,97.97241974,adult
911,URY,97.61016846,adult
912,URY,98.02310944,adult
913,URY,98.10397339,adult
914,URY,98.06342316,adult
915,URY,98.02507019,adult
916,URY,98.1459198,adult
917,URY,98.24452972,adult
918,URY,98.23419189,adult
919,URY,98.37136078,adult
920,URY,98.4809494,adult
921,UZB,99.16443634,adult
922,UZB,99.99382782,adult
923,UZB,99.98519135,adult
924,UZB,99.99204254,adult
925,UZB,99.99487305,adult
926,UZB,99.99997711,adult
927,UZB,99.99994659,adult
928,VUT,57.33509827,adult
929,VUT,62.31000137,adult
930,VUT,71.76999664,adult
931,VUT,80.48000336,adult
932,VUT,86.18000031,adult
933,VUT,88.30635071,adult
934,VEN,86.48932648,adult
935,VEN,90.6725235,adult
936,VEN,93.25744629,adult
937,VEN,95.38172913,adult
938,VEN,95.67536926,adult
939,VEN,94.50231934,adult
940,VEN,96.65107727,adult
941,VEN,97.03910828,adult
942,VNM,90.38147736,adult
943,VNM,93.00299072,adult
944,VNM,93.91825867,adult
945,VNM,93.93267822,adult
946,VNM,95.78533173,adult
947,VNM,96.99069977,adult
948,YEM,56.72475052,adult
949,YEM,73.16000366,adult
950,ZMB,73.037323,adult
951,ZMB,76.25402069,adult
952,ZMB,80.91285706,adult
953,ZMB,71.31761932,adult
954,ZMB,88.68402863,adult
955,ZMB,90.60118103,adult
956,ZWE,84.17462921,adult
957,ZWE,88.89337921,adult
958,ZWE,87.76480865,adult
959,ZWE,89.1853714,adult
960,AFG,4.987460136413574,adult
961,AFG,17.017839431762695,adult
962,AFG,22.600780487060547,adult
963,ALB,98.25227355957031,adult
964,ALB,94.68180847167969,adult
965,ALB,95.69148254394531,adult
966,ALB,96.13607025146484,adult
967,ALB,97.76112365722656,adult
968,DZA,35.83992004394531,adult
969,DZA,60.07508087158203,adult
970,DZA,63.91878890991211,adult
971,DZA,67.54875183105469,adult
972,DZA,75.32296752929688,adult
973,ASM,97.21990966796875,adult
974,AGO,54.194488525390625,adult
975,AGO,53.40721130371094,adult
976,ATG,99.41999816894531,adult
977,ATG,99.41999816894531,adult
978,ATG,99.41999816894531,adult
979,ARG,93.58088684082031,adult
980,ARG,95.91699981689453,adult
981,ARG,97.19341278076172,adult
982,ARG,98.51077270507812,adult
983,ARG,99.00176239013672,adult
984,ARG,98.92807006835938,adult
985,ARG,98.99983978271484,adult
986,ARG,99.0999526977539,adult
987,ARG,99.0912094116211,adult
988,ARG,98.93282318115234,adult
989,ARG,99.20877075195312,adult
990,ARG,99.14309692382812,adult
991,ARG,99.06204223632812,adult
992,ARM,98.15013885498047,adult
993,ARM,99.16107177734375,adult
994,ARM,99.69035339355469,adult
995,ARM,99.67716217041016,adult
996,ARM,99.7445068359375,adult
997,ABW,97.07135772705078,adult
998,ABW,96.71977996826172,adult
999,ABW,97.81268310546875,adult
1000,AZE,98.1747817993164,adult
1001,AZE,99.38394165039062,adult
1002,AZE,99.6821517944336,adult
1003,AZE,99.692626953125,adult
1004,AZE,99.70496368408203,adult
1005,AZE,99.7028579711914,adult
1006,AZE,99.7168197631836,adult
1007,AZE,99.71965789794922,adult
1008,AZE,99.7171401977539,adult
1009,AZE,99.71955108642578,adult
1010,AZE,99.72199249267578,adult
1011,AZE,99.72675323486328,adult
1012,BHR,58.59109115600586,adult
1013,BHR,76.93231964111328,adult
1014,BHR,83.55741882324219,adult
1015,BHR,89.01043701171875,adult
1016,BGD,17.971630096435547,adult
1017,BGD,25.838979721069336,adult
1018,BGD,40.82334899902344,adult
1019,BGD,43.740848541259766,adult
1020,BGD,55.11943817138672,adult
1021,BGD,54.23603820800781,adult
1022,BGD,57.78900146484375,adult
1023,BGD,57.860931396484375,adult
1024,BGD,62.25299072265625,adult
1025,BGD,69.89720916748047,adult
1026,BGD,70.08570098876953,adult
1027,BGD,71.18193817138672,adult
1028,BGD,71.9483871459961,adult
1029,BGD,72.0047836303711,adult
1030,BRB,99.25155639648438,adult
1031,BRB,99.5999984741211,adult
1032,BRB,99.5999984741211,adult
1033,BRB,99.5999984741211,adult
1034,BRB,99.5999984741211,adult
1035,BLR,96.62821960449219,adult
1036,BLR,99.41972351074219,adult
1037,BLR,99.49398803710938,adult
1038,BLR,99.87651062011719,adult
1039,BLZ,70.3283920288086,adult
1040,BLZ,77.12272644042969,adult
1041,BEN,9.538960456848145,adult
1042,BEN,16.565120697021484,adult
1043,BEN,23.300140380859375,adult
1044,BEN,18.442909240722656,adult
1045,BEN,22.09387969970703,adult
1046,BEN,31.0716495513916,adult
1047,BTN,38.680660247802734,adult
1048,BTN,45.20450973510742,adult
1049,BTN,57.0836181640625,adult
1050,BOL,51.37464904785156,adult
1051,BOL,72.31321716308594,adult
1052,BOL,80.65438079833984,adult
1053,BOL,85.9859390258789,adult
1054,BOL,86.83174896240234,adult
1055,BOL,86.82145690917969,adult
1056,BOL,88.0802001953125,adult
1057,BOL,91.8732681274414,adult
1058,BOL,88.5828628540039,adult
1059,BIH,81.9593276977539,adult
1060,BIH,94.35993957519531,adult
1061,BIH,96.8037109375,adult
1062,BIH,94.91049194335938,adult
1063,BWA,71.29924011230469,adult
1064,BWA,81.80795288085938,adult
1065,BWA,87.45121002197266,adult
1066,BRA,72.8531494140625,adult
1067,BRA,86.50005340576172,adult
1068,BRA,88.8061294555664,adult
1069,BRA,89.8555908203125,adult
1070,BRA,90.22801208496094,adult
1071,BRA,90.21955108642578,adult
1072,BRA,90.41121673583984,adult
1073,BRA,90.68170166015625,adult
1074,BRA,91.63314819335938,adult
1075,BRA,91.6249008178711,adult
1076,BRA,91.76496124267578,adult
1077,BRA,92.06051635742188,adult
1078,BRA,92.34378814697266,adult
1079,BRA,93.02120208740234,adult
1080,BRA,93.24371337890625,adult
1081,BRA,93.4250717163086,adult
1082,BRN,68.84182739257812,adult
1083,BRN,82.46135711669922,adult
1084,BRN,90.16155242919922,adult
1085,BRN,94.65248107910156,adult
1086,BRN,96.30126190185547,adult
1087,BGR,97.70648956298828,adult
1088,BGR,97.98390197753906,adult
1089,BFA,3.390589952468872,adult
1090,BFA,8.22542953491211,adult
1091,BFA,8.057979583740234,adult
1092,BFA,15.188770294189453,adult
1093,BFA,16.62224006652832,adult
1094,BFA,16.29113006591797,adult
1095,BFA,21.027219772338867,adult
1096,BFA,26.22024917602539,adult
1097,BFA,31.04408073425293,adult
1098,BDI,11.983570098876953,adult
1099,BDI,27.529300689697266,adult
1100,BDI,52.23775863647461,adult
1101,BDI,43.157188415527344,adult
1102,BDI,54.641658782958984,adult
1103,BDI,61.223690032958984,adult
1104,KHM,56.99250030517578,adult
1105,KHM,64.05098724365234,adult
1106,KHM,69.58641052246094,adult
1107,KHM,69.10901641845703,adult
1108,KHM,71.78179931640625,adult
1109,KHM,75.03386688232422,adult
1110,CMR,29.116130828857422,adult
1111,CMR,58.72175979614258,adult
1112,CMR,63.02206039428711,adult
1113,CMR,64.79949951171875,adult
1114,CMR,71.58627319335938,adult
1115,CPV,52.998619079589844,adult
1116,CPV,69.4445571899414,adult
1117,CPV,80.49622344970703,adult
1118,CPV,82.04222106933594,adult
1119,CYM,99.02147674560547,adult
1120,CAF,8.399580001831055,adult
1121,CAF,20.33687973022461,adult
1122,CAF,35.29090118408203,adult
1123,CAF,24.35548973083496,adult
1124,CAF,25.756380081176758,adult
1125,TCD,4.591829776763916,adult
1126,TCD,12.796420097351074,adult
1127,TCD,17.980579376220703,adult
1128,TCD,13.933409690856934,adult
1129,TCD,13.955229759216309,adult
1130,CHL,90.80011749267578,adult
1131,CHL,94.03671264648438,adult
1132,CHL,95.64093017578125,adult
1133,CHL,97.74205780029297,adult
1134,CHL,97.40083312988281,adult
1135,CHL,96.53070831298828,adult
1136,CHL,96.16175079345703,adult
1137,CHL,96.74395751953125,adult
1138,CHL,96.33402252197266,adult
1139,CHN,51.136810302734375,adult
1140,CHN,68.07208251953125,adult
1141,CHN,86.52660369873047,adult
1142,CHN,92.71122741699219,adult
1143,CHN,95.15933227539062,adult
1144,COL,91.14790344238281,adult
1145,COL,91.31400299072266,adult
1146,COL,92.71463012695312,adult
1147,COL,92.91124725341797,adult
1148,COL,92.22059631347656,adult
1149,COL,92.84561920166016,adult
1150,COL,93.43537139892578,adult
1151,COL,93.41513061523438,adult
1152,COL,93.4867935180664,adult
1153,COL,93.66712951660156,adult
1154,COL,94.48465728759766,adult
1155,COL,94.41581726074219,adult
1156,COL,94.89022064208984,adult
1157,COL,95.31891632080078,adult
1158,COL,95.46903228759766,adult
1159,COL,95.87506103515625,adult
1160,COM,40.31761932373047,adult
1161,COM,63.45901870727539,adult
1162,COM,42.637290954589844,adult
1163,COM,52.956390380859375,adult
1164,COG,49.001338958740234,adult
1165,COG,67.48076629638672,adult
1166,COG,72.87705993652344,adult
1167,COG,74.61875915527344,adult
1168,CRI,92.57713317871094,adult
1169,CRI,95.0807876586914,adult
1170,CRI,97.50041198730469,adult
1171,CRI,97.92443084716797,adult
1172,CIV,23.433780670166016,adult
1173,CIV,28.476669311523438,adult
1174,CIV,38.61450958251953,adult
1175,CIV,30.461719512939453,adult
1176,CIV,36.78424835205078,adult
1177,CIV,86.74124908447266,adult
1178,HRV,94.81722259521484,adult
1179,HRV,97.08390045166016,adult
1180,HRV,98.66590881347656,adult
1181,CUB,99.7909164428711,adult
1182,CUB,99.79988098144531,adult
1183,CYP,91.00177764892578,adult
1184,CYP,95.07965850830078,adult
1185,CYP,98.11622619628906,adult
1186,COD,54.0609016418457,adult
1187,COD,46.104251861572266,adult
1188,COD,62.91864013671875,adult
1189,COD,66.4999771118164,adult
1190,DOM,72.53607940673828,adult
1191,DOM,87.17709350585938,adult
1192,DOM,88.27716827392578,adult
1193,DOM,89.69730377197266,adult
1194,DOM,90.22557067871094,adult
1195,DOM,90.22416687011719,adult
1196,DOM,91.2505111694336,adult
1197,DOM,92.14778900146484,adult
1198,DOM,92.32106018066406,adult
1199,DOM,93.76412963867188,adult
1200,ECU,80.40522766113281,adult
1201,ECU,86.19332885742188,adult
1202,ECU,89.69709014892578,adult
1203,ECU,90.86557006835938,adult
1204,ECU,91.12256622314453,adult
1205,ECU,90.91754913330078,adult
1206,ECU,90.47010803222656,adult
1207,ECU,90.22081756591797,adult
1208,ECU,90.9516830444336,adult
1209,ECU,92.21807861328125,adult
1210,ECU,93.25386047363281,adult
1211,ECU,93.25662231445312,adult
1212,ECU,93.31452941894531,adult
1213,ECU,92.0866928100586,adult
1214,ECU,92.49024200439453,adult
1215,EGY,22.43800926208496,adult
1216,EGY,31.392669677734375,adult
1217,EGY,43.59531021118164,adult
1218,EGY,56.121551513671875,adult
1219,EGY,57.81190872192383,adult
1220,EGY,63.51580810546875,adult
1221,EGY,65.75666046142578,adult
1222,EGY,62.70521926879883,adult
1223,EGY,65.50569152832031,adult
1224,SLV,71.28053283691406,adult
1225,SLV,81.00382232666016,adult
1226,SLV,79.6621322631836,adult
1227,SLV,81.3594970703125,adult
1228,SLV,81.81794738769531,adult
1229,SLV,82.30802154541016,adult
1230,SLV,83.01564025878906,adult
1231,SLV,84.67034912109375,adult
1232,SLV,86.21710205078125,adult
1233,SLV,86.32642364501953,adult
1234,SLV,86.67363739013672,adult
1235,SLV,87.23413848876953,adult
1236,SLV,87.31858825683594,adult
1237,GNQ,81.62300109863281,adult
1238,GNQ,90.67607879638672,adult
1239,ERI,40.22441864013672,adult
1240,ERI,54.80107116699219,adult
1241,ERI,68.9461898803711,adult
1242,EST,99.60147857666016,adult
1243,EST,99.76006317138672,adult
1244,EST,99.90947723388672,adult
1245,SWZ,53.665958404541016,adult
1246,SWZ,65.2228775024414,adult
1247,SWZ,80.32875061035156,adult
1248,SWZ,82.44754791259766,adult
1249,SWZ,88.54268646240234,adult
1250,ETH,18.51498031616211,adult
1251,ETH,22.799999237060547,adult
1252,ETH,17.97719955444336,adult
1253,ETH,28.921640396118164,adult
1254,ETH,44.42338180541992,adult
1255,GAB,65.32630920410156,adult
1256,GAB,79.87896728515625,adult
1257,GAB,83.4239730834961,adult
1258,GMB,25.06155014038086,adult
1259,GMB,33.57535171508789,adult
1260,GMB,41.57701873779297,adult
1261,GEO,99.55284881591797,adult
1262,GEO,99.51457977294922,adult
1263,GEO,99.29474639892578,adult
1264,GEO,99.45179748535156,adult
1265,GHA,49.791961669921875,adult
1266,GHA,65.29469299316406,adult
1267,GHA,74.4743881225586,adult
1268,GRC,85.31999206542969,adult
1269,GRC,89.35330200195312,adult
1270,GRC,94.23941040039062,adult
1271,GRC,90.76541137695312,adult
1272,GRC,91.81246948242188,adult
1273,GRC,91.84761047363281,adult
1274,GRC,96.50211334228516,adult
1275,GRC,97.39409637451172,adult
1276,GRD,97.58978271484375,adult
1277,GRD,98.5999984741211,adult
1278,GRD,98.5999984741211,adult
1279,GRD,98.5999984741211,adult
1280,GRD,98.5999984741211,adult
1281,GUM,96.46308135986328,adult
1282,GUM,99.30850219726562,adult
1283,GTM,57.292659759521484,adult
1284,GTM,63.34138107299805,adult
1285,GTM,72.42803955078125,adult
1286,GTM,72.1275863647461,adult
1287,GTM,76.37065887451172,adult
1288,GTM,76.72338104248047,adult
1289,GIN,9.743069648742676,adult
1290,GIN,18.238679885864258,adult
1291,GIN,12.191949844360352,adult
1292,GIN,21.962249755859375,adult
1293,GIN,27.69256019592285,adult
1294,GNB,8.58825969696045,adult
1295,GNB,27.49420928955078,adult
1296,GNB,30.768510818481445,adult
1297,GUY,87.25198364257812,adult
1298,GUY,85.03460693359375,adult
1299,HTI,32.524959564208984,adult
1300,HTI,54.86146926879883,adult
1301,HTI,44.599449157714844,adult
1302,HTI,58.30052185058594,adult
1303,HND,80.22360229492188,adult
1304,HND,83.45276641845703,adult
1305,HND,84.72502899169922,adult
1306,HND,84.93026733398438,adult
1307,HND,85.05148315429688,adult
1308,HND,85.28472900390625,adult
1309,HND,87.02599334716797,adult
1310,HND,87.8936996459961,adult
1311,HND,88.93486022949219,adult
1312,HND,87.26555633544922,adult
1313,HND,88.73169708251953,adult
1314,HUN,98.45413208007812,adult
1315,HUN,99.0999984741211,adult
1316,IND,25.676250457763672,adult
1317,IND,33.729530334472656,adult
1318,IND,47.842098236083984,adult
1319,IND,50.823760986328125,adult
1320,IND,59.277320861816406,adult
1321,IND,65.79080963134766,adult
1322,IDN,57.69462966918945,adult
1323,IDN,75.2701187133789,adult
1324,IDN,86.79959106445312,adult
1325,IDN,88.78697967529297,adult
1326,IDN,89.10138702392578,adult
1327,IDN,89.67711639404297,adult
1328,IDN,90.0687026977539,adult
1329,IDN,93.45089721679688,adult
1330,IDN,93.33570861816406,adult
1331,IDN,93.58692169189453,adult
1332,IDN,93.99217987060547,adult
1333,IDN,94.55235290527344,adult
1334,IRN,24.423080444335938,adult
1335,IRN,41.03395080566406,adult
1336,IRN,56.15642166137695,adult
1337,IRN,66.06775665283203,adult
1338,IRN,70.4000015258789,adult
1339,IRN,76.80264282226562,adult
1340,IRN,77.24002075195312,adult
1341,IRN,77.69471740722656,adult
1342,IRN,78.41626739501953,adult
1343,IRN,79.7558364868164,adult
1344,IRN,79.83934783935547,adult
1345,IRN,80.78743743896484,adult
1346,IRQ,64.16950225830078,adult
1347,IRQ,69,adult
1348,IRQ,63.400001525878906,adult
1349,IRQ,74.5999984741211,adult
1350,IRQ,76.80000305175781,adult
1351,IRQ,79.9000015258789,adult
1352,ISR,88.67472076416016,adult
1353,ITA,95.53666687011719,adult
1354,ITA,98.04215240478516,adult
1355,ITA,98.5795669555664,adult
1356,ITA,98.97191619873047,adult
1357,JAM,85.87207794189453,adult
1358,JAM,92.69999694824219,adult
1359,JOR,52.11061096191406,adult
1360,JOR,84.71392059326172,adult
1361,JOR,87.00581359863281,adult
1362,JOR,88.90331268310547,adult
1363,JOR,89.2077407836914,adult
1364,JOR,93.93345642089844,adult
1365,JOR,97.37200927734375,adult
1366,JOR,97.83207702636719,adult
1367,KAZ,96.1387710571289,adult
1368,KAZ,99.28990173339844,adult
1369,KAZ,99.68428802490234,adult
1370,KAZ,99.7389907836914,adult
1371,KAZ,99.7389907836914,adult
1372,KEN,77.89298248291016,adult
1373,KEN,66.86312103271484,adult
1374,KEN,74.00631713867188,adult
1375,KEN,78.18892669677734,adult
1376,KWT,48.01520919799805,adult
1377,KWT,59.11050033569336,adult
1378,KWT,68.84937286376953,adult
1379,KWT,74.14871978759766,adult
1380,KWT,91.0425033569336,adult
1381,KWT,90.82862854003906,adult
1382,KWT,91.50348663330078,adult
1383,KWT,91.77864837646484,adult
1384,KWT,92.68093872070312,adult
1385,KWT,94.96524810791016,adult
1386,KWT,94.30116271972656,adult
1387,KWT,94.47004699707031,adult
1388,KWT,94.82576751708984,adult
1389,KWT,94.90515899658203,adult
1390,KWT,95.35169982910156,adult
1391,KGZ,98.13063049316406,adult
1392,KGZ,98.98120880126953,adult
1393,KGZ,99.49971771240234,adult
1394,LAO,47.90235900878906,adult
1395,LAO,58.46070098876953,adult
1396,LAO,60.90251922607422,adult
1397,LAO,63.22698974609375,adult
1398,LAO,49.723079681396484,adult
1399,LAO,79.39103698730469,adult
1400,LVA,99.18879699707031,adult
1401,LVA,99.70973205566406,adult
1402,LVA,99.90792083740234,adult
1403,LVA,99.90640258789062,adult
1404,LBN,85.96778106689453,adult
1405,LBN,88.0870590209961,adult
1406,LBN,93.30500793457031,adult
1407,LSO,92.04644775390625,adult
1408,LSO,84.96395874023438,adult
1409,LSO,84.93489074707031,adult
1410,LBR,19.30278968811035,adult
1411,LBR,27.034910202026367,adult
1412,LBR,34.09225845336914,adult
1413,LBY,42.31354904174805,adult
1414,LBY,63.70000076293945,adult
1415,LBY,77.80000305175781,adult
1416,LTU,97.7815933227539,adult
1417,LTU,99.64794158935547,adult
1418,LTU,99.83323669433594,adult
1419,MAC,86.21588134765625,adult
1420,MAC,87.77497100830078,adult
1421,MAC,90.72358703613281,adult
1422,MAC,93.7319107055664,adult
1423,MAC,95.0325698852539,adult
1424,MDG,65.27857208251953,adult
1425,MDG,54.75429916381836,adult
1426,MDG,61.64141082763672,adult
1427,MDG,68.2833023071289,adult
1428,MDG,75.0705795288086,adult
1429,MWI,33.52302169799805,adult
1430,MWI,53.99711990356445,adult
1431,MWI,51.25196838378906,adult
1432,MWI,55.13098907470703,adult
1433,MWI,55.20410919189453,adult
1434,MYS,61.24850082397461,adult
1435,MYS,77.28308868408203,adult
1436,MYS,85.35421752929688,adult
1437,MYS,90.7476806640625,adult
1438,MYS,93.36942291259766,adult
1439,MYS,93.55406951904297,adult
1440,MYS,93.50482940673828,adult
1441,MYS,93.64668273925781,adult
1442,MDV,82.17816162109375,adult
1443,MDV,92.3590087890625,adult
1444,MDV,96.14601135253906,adult
1445,MDV,96.44297790527344,adult
1446,MDV,98.42984771728516,adult
1447,MDV,98.6916732788086,adult
1448,MDV,98.11470794677734,adult
1449,MLI,5.7352800369262695,adult
1450,MLI,11.89342975616455,adult
1451,MLI,15.899999618530273,adult
1452,MLI,18.19091033935547,adult
1453,MLI,20.28792953491211,adult
1454,MLI,18.90468978881836,adult
1455,MLI,22.195810317993164,adult
1456,MLI,25.73516082763672,adult
1457,MLI,22.07847023010254,adult
1458,MLT,87.2861328125,adult
1459,MLT,89.24263763427734,adult
1460,MLT,93.5042495727539,adult
1461,MLT,94.7900390625,adult
1462,MLT,95.98872375488281,adult
1463,MHL,98.2029800415039,adult
1464,MRT,43.4173583984375,adult
1465,MRT,35.34843063354492,adult
1466,MRT,56.59244155883789,adult
1467,MRT,43.35438919067383,adult
1468,MUS,74.660888671875,adult
1469,MUS,80.50003051757812,adult
1470,MUS,86.65807342529297,adult
1471,MUS,88.9793472290039,adult
1472,MUS,89.05094146728516,adult
1473,MUS,90.28331756591797,adult
1474,MUS,90.65402221679688,adult
1475,MUS,90.98055267333984,adult
1476,MUS,89.36637878417969,adult
1477,MEX,79.89099884033203,adult
1478,MEX,84.9559097290039,adult
1479,MEX,88.68203735351562,adult
1480,MEX,88.72863006591797,adult
1481,MEX,89.63101959228516,adult
1482,MEX,90.21041107177734,adult
1483,MEX,89.83451080322266,adult
1484,MEX,91.35555267333984,adult
1485,MEX,91.45361328125,adult
1486,MEX,92.11624908447266,adult
1487,MEX,91.8534164428711,adult
1488,MEX,92.3382797241211,adult
1489,MEX,93.17923736572266,adult
1490,MEX,92.90393829345703,adult
1491,MEX,93.59133911132812,adult
1492,MEX,93.4854965209961,adult
1493,MEX,93.96852111816406,adult
1494,MEX,94.16575622558594,adult
1495,MEX,94.60804748535156,adult
1496,MEX,94.49513244628906,adult
1497,MDA,94.4444808959961,adult
1498,MDA,95.49230194091797,adult
1499,MDA,99.14041900634766,adult
1500,MNG,97.52880096435547,adult
1501,MNG,98.33663177490234,adult
1502,MNG,98.64888763427734,adult
1503,MNG,99.2410888671875,adult
1504,MNE,83.23545837402344,adult
1505,MNE,97.77604675292969,adult
1506,MNE,96.3188705444336,adult
1507,MNE,97.5005111694336,adult
1508,MNE,98.27134704589844,adult
1509,MAR,17.514869689941406,adult
1510,MAR,28.725419998168945,adult
1511,MAR,39.61956024169922,adult
1512,MAR,42.58784866333008,adult
1513,MAR,43.92108154296875,adult
1514,MAR,57.639991760253906,adult
1515,MAR,59.130638122558594,adult
1516,MAR,53.31092071533203,adult
1517,MAR,64.59137725830078,adult
1518,MOZ,12.096529960632324,adult
1519,MOZ,24.96419906616211,adult
1520,MOZ,33.1939582824707,adult
1521,MOZ,36.45227813720703,adult
1522,MOZ,43.062461853027344,adult
1523,MOZ,50.29513931274414,adult
1524,MMR,71.63086700439453,adult
1525,MMR,86.41517639160156,adult
1526,MMR,71.84699249267578,adult
1527,MMR,86.26860809326172,adult
1528,NAM,73.98660278320312,adult
1529,NAM,83.54032135009766,adult
1530,NAM,78.35098266601562,adult
1531,NAM,87.95105743408203,adult
1532,NAM,91.43643188476562,adult
1533,NPL,9.153120040893555,adult
1534,NPL,17.381790161132812,adult
1535,NPL,34.88676071166992,adult
1536,NPL,48.837589263916016,adult
1537,NPL,59.724430084228516,adult
1538,NCL,90.310791015625,adult
1539,NCL,92.07344055175781,adult
1540,NCL,95.46530151367188,adult
1541,NCL,97.5,adult
1542,NIC,76.6016616821289,adult
1543,NIC,77.9160385131836,adult
1544,NIC,82.77935028076172,adult
1545,NER,9.3993501663208,adult
1546,NER,15.084139823913574,adult
1547,NER,22.55129051208496,adult
1548,NER,26.649999618530273,adult
1549,NGA,43.72919845581055,adult
1550,NGA,43.32204818725586,adult
1551,NGA,64.2544937133789,adult
1552,NGA,41.38676071166992,adult
1553,NGA,52.65647888183594,adult
1554,PRK,99.99761199951172,adult
1555,MKD,90.92801666259766,adult
1556,MKD,94.05606842041016,adult
1557,MKD,96.69999694824219,adult
1558,MKD,97.60762023925781,adult
1559,OMN,73.53170776367188,adult
1560,OMN,80.87226104736328,adult
1561,OMN,81.80323028564453,adult
1562,OMN,88.92669677734375,adult
1563,OMN,86.0372085571289,adult
1564,OMN,90.94416046142578,adult
1565,OMN,92.22560119628906,adult
1566,OMN,92.6939926147461,adult
1567,PAK,14.771550178527832,adult
1568,PAK,29.043840408325195,adult
1569,PAK,35.36751937866211,adult
1570,PAK,39.61323165893555,adult
1571,PAK,38.457759857177734,adult
1572,PAK,40.081180572509766,adult
1573,PAK,40.31462097167969,adult
1574,PAK,41.01552963256836,adult
1575,PAK,41.97539138793945,adult
1576,PAK,43.07189178466797,adult
1577,PAK,41.97494125366211,adult
1578,PAK,44.28342056274414,adult
1579,PAK,46.46767044067383,adult
1580,PAK,45.398399353027344,adult
1581,PAK,46.49003982543945,adult
1582,PLW,90.50324249267578,adult
1583,PLW,99.52793884277344,adult
1584,PLW,96.34014892578125,adult
1585,PSE,79.76364135742188,adult
1586,PSE,88.7657470703125,adult
1587,PSE,89.75801086425781,adult
1588,PSE,90.34676361083984,adult
1589,PSE,90.75170135498047,adult
1590,PSE,91.4814682006836,adult
1591,PSE,91.84744262695312,adult
1592,PSE,92.24562072753906,adult
1593,PSE,93.21846008300781,adult
1594,PSE,93.77192687988281,adult
1595,PSE,94.09632873535156,adult
1596,PSE,94.53014373779297,adult
1597,PSE,94.88633728027344,adult
1598,PSE,95.28157806396484,adult
1599,PSE,95.74188995361328,adult
1600,PSE,95.91488647460938,adult
1601,PSE,96.20166778564453,adult
1602,PAN,88.0465316772461,adult
1603,PAN,88.21485137939453,adult
1604,PAN,91.24717712402344,adult
1605,PAN,93.48526000976562,adult
1606,PAN,94.88172149658203,adult
1607,PAN,95.35887908935547,adult
1608,PNG,50.91773986816406,adult
1609,PNG,57.900001525878906,adult
1610,PRY,75.85298156738281,adult
1611,PRY,88.55870819091797,adult
1612,PRY,93.4532699584961,adult
1613,PRY,92.49443054199219,adult
1614,PRY,93.14401245117188,adult
1615,PRY,92.92574310302734,adult
1616,PRY,93.58785247802734,adult
1617,PRY,94.46626281738281,adult
1618,PRY,94.21479797363281,adult
1619,PRY,94.87442016601562,adult
1620,PRY,93.83505249023438,adult
1621,PRY,93.53170776367188,adult
1622,PRY,92.65534210205078,adult
1623,PRY,94.18141174316406,adult
1624,PER,73.85833740234375,adult
1625,PER,81.65875244140625,adult
1626,PER,82.0626220703125,adult
1627,PER,82.4543685913086,adult
1628,PER,83.45487213134766,adult
1629,PER,84.64688110351562,adult
1630,PER,90.66883087158203,adult
1631,PER,90.44918060302734,adult
1632,PER,91.24652862548828,adult
1633,PER,91.18852996826172,adult
1634,PER,91.27012634277344,adult
1635,PER,91.70310974121094,adult
1636,PER,92.01902770996094,adult
1637,PHL,82.76215362548828,adult
1638,PHL,93.18071746826172,adult
1639,PHL,94.53865051269531,adult
1640,PHL,92.6549072265625,adult
1641,PHL,93.56452941894531,adult
1642,PHL,95.82563018798828,adult
1643,PHL,96.78736114501953,adult
1644,PHL,98.24175262451172,adult
1645,PHL,96.85243225097656,adult
1646,POL,98.25198364257812,adult
1647,POL,98.25198364257812,adult
1648,POL,98.25198364257812,adult
1649,POL,98.25198364257812,adult
1650,PRT,74.60798645019531,adult
1651,PRT,84.65821075439453,adult
1652,PRT,92.86077117919922,adult
1653,PRT,95.07251739501953,adult
1654,PRI,85.850341796875,adult
1655,PRI,89.73095703125,adult
1656,PRI,92.5301513671875,adult
1657,PRI,92.39002227783203,adult
1658,QAT,72.45894622802734,adult
1659,QAT,80.88867950439453,adult
1660,QAT,86.711181640625,adult
1661,QAT,90.43611907958984,adult
1662,QAT,89.13771057128906,adult
1663,QAT,90.15306854248047,adult
1664,QAT,91.89582061767578,adult
1665,QAT,90.24652862548828,adult
1666,QAT,90.81172180175781,adult
1667,QAT,91.72962951660156,adult
1668,QAT,92.45240020751953,adult
1669,QAT,94.20703887939453,adult
1670,QAT,94.71150970458984,adult
1671,ROU,94.9826889038086,adult
1672,ROU,96.26631927490234,adult
1673,ROU,98.20520782470703,adult
1674,ROU,98.59976959228516,adult
1675,RUS,96.75817108154297,adult
1676,RUS,99.22836303710938,adult
1677,RUS,99.64778137207031,adult
1678,RUS,99.7341079711914,adult
1679,RWA,26.573579788208008,adult
1680,RWA,59.75033950805664,adult
1681,RWA,61.54861068725586,adult
1682,RWA,64.66448974609375,adult
1683,RWA,66.13744354248047,adult
1684,RWA,69.39453887939453,adult
1685,WSM,97.42173767089844,adult
1686,WSM,99.06952667236328,adult
1687,WSM,99.24504089355469,adult
1688,STP,42.363380432128906,adult
1689,STP,61.92047882080078,adult
1690,STP,77.94922637939453,adult
1691,STP,60.083030700683594,adult
1692,STP,85.44170379638672,adult
1693,STP,89.51573181152344,adult
1694,SAU,57.27783966064453,adult
1695,SAU,69.29119110107422,adult
1696,SAU,76.33515930175781,adult
1697,SAU,91.36924743652344,adult
1698,SAU,92.70719909667969,adult
1699,SAU,96.04924774169922,adult
1700,SEN,17.863269805908203,adult
1701,SEN,29.247339248657227,adult
1702,SEN,32.987579345703125,adult
1703,SEN,37.42441177368164,adult
1704,SEN,40.25495147705078,adult
1705,SEN,33.76036071777344,adult
1706,SEN,39.798561096191406,adult
1707,SRB,94.06828308105469,adult
1708,SRB,96.74910736083984,adult
1709,SRB,98.22827911376953,adult
1710,SRB,99.11560821533203,adult
1711,SYC,85.48930358886719,adult
1712,SYC,88.58660125732422,adult
1713,SYC,92.25897979736328,adult
1714,SYC,94.44898223876953,adult
1715,SYC,96.3501968383789,adult
1716,SLE,24.1589298248291,adult
1717,SLE,24.856679916381836,adult
1718,SLE,34.85203170776367,adult
1719,SGP,73.96853637695312,adult
1720,SGP,83.02684783935547,adult
1721,SGP,88.64517974853516,adult
1722,SGP,93.77481079101562,adult
1723,SGP,94.0683364868164,adult
1724,SGP,94.35958862304688,adult
1725,SGP,94.6418685913086,adult
1726,SGP,94.91132354736328,adult
1727,SGP,95.1906509399414,adult
1728,SGP,95.44789123535156,adult
1729,SGP,95.68946838378906,adult
1730,SGP,95.9194107055664,adult
1731,SGP,96.13475799560547,adult
1732,SVN,99.45375061035156,adult
1733,SVN,99.5999984741211,adult
1734,SVN,99.5999984741211,adult
1735,SLB,69,adult
1736,SLB,69,adult
1737,SOM,3.6871700286865234,adult
1738,ZAF,74.80718994140625,adult
1739,ZAF,80.92862701416016,adult
1740,ZAF,87.04309844970703,adult
1741,ZAF,91.76815795898438,adult
1742,ZAF,91.7139892578125,adult
1743,ZAF,92.04788970947266,adult
1744,ZAF,92.58625030517578,adult
1745,ZAF,93.07305908203125,adult
1746,ZAF,93.40802764892578,adult
1747,ZAF,86.45863342285156,adult
1748,ZAF,94.53317260742188,adult
1749,KOR,97.61865997314453,adult
1750,SSD,19.18638038635254,adult
1751,SSD,28.864259719848633,adult
1752,ESP,89.93692016601562,adult
1753,ESP,95.0510025024414,adult
1754,ESP,96.23088073730469,adult
1755,ESP,96.9251480102539,adult
1756,ESP,96.9748306274414,adult
1757,ESP,97.26032257080078,adult
1758,ESP,96.8868408203125,adult
1759,ESP,96.92597198486328,adult
1760,ESP,97.00450134277344,adult
1761,ESP,97.06556701660156,adult
1762,ESP,97.2180404663086,adult
1763,ESP,97.44053649902344,adult
1764,ESP,97.48735046386719,adult
1765,ESP,97.54712677001953,adult
1766,ESP,97.69535827636719,adult
1767,ESP,97.9737777709961,adult
1768,ESP,98.18704223632812,adult
1769,LKA,82.02197265625,adult
1770,LKA,89.13575744628906,adult
1771,LKA,89.09134674072266,adult
1772,LKA,89.07347106933594,adult
1773,LKA,89.95867919921875,adult
1774,LKA,91.4861068725586,adult
1775,LKA,90.97074127197266,adult
1776,LKA,90.79560089111328,adult
1777,LKA,91.58087158203125,adult
1778,SDN,52.146400451660156,adult
1779,SDN,46.69963073730469,adult
1780,SDN,56.063228607177734,adult
1781,SUR,87.19744110107422,adult
1782,SUR,93.76537322998047,adult
1783,SUR,94.0035400390625,adult
1784,SUR,90.99790954589844,adult
1785,SUR,92.7120590209961,adult
1786,SYR,37.05915832519531,adult
1787,SYR,74.24044036865234,adult
1788,SYR,73.62655639648438,adult
1789,TJK,96.64179992675781,adult
1790,TJK,99.22122955322266,adult
1791,TJK,99.69999694824219,adult
1792,TZA,48.08802032470703,adult
1793,TZA,62.17232131958008,adult
1794,TZA,60.752620697021484,adult
1795,TZA,73.34718322753906,adult
1796,TZA,73.09382629394531,adult
1797,THA,83.89334869384766,adult
1798,THA,90.51602172851562,adult
1799,THA,91.52957153320312,adult
1800,THA,96.42704772949219,adult
1801,THA,92.24916076660156,adult
1802,THA,91.19193267822266,adult
1803,THA,92.42855834960938,adult
1804,TLS,30,adult
1805,TLS,42.5,adult
1806,TLS,52.95899963378906,adult
1807,TLS,64.2109375,adult
1808,TGO,38.45328903198242,adult
1809,TGO,44.37662887573242,adult
1810,TGO,43.60689926147461,adult
1811,TGO,47.97739028930664,adult
1812,TGO,51.24177932739258,adult
1813,TGO,55.05149841308594,adult
1814,TON,99.52552795410156,adult
1815,TON,98.97554779052734,adult
1816,TON,99.08251190185547,adult
1817,TON,99.43421936035156,adult
1818,TON,99.47502899169922,adult
1819,TTO,93.46417236328125,adult
1820,TTO,95.66178894042969,adult
1821,TTO,97.0999984741211,adult
1822,TTO,98.30000305175781,adult
1823,TUN,35.76757049560547,adult
1824,TUN,65.34786224365234,adult
1825,TUN,68.5093765258789,adult
1826,TUN,69.2093734741211,adult
1827,TUN,71.08821105957031,adult
1828,TUN,71.72959899902344,adult
1829,TUN,72.16065216064453,adult
1830,TUN,72.22377014160156,adult
1831,TUR,45.09891891479492,adult
1832,TUR,49.80641174316406,adult
1833,TUR,64.23171997070312,adult
1834,TUR,68.51966094970703,adult
1835,TUR,79.5816879272461,adult
1836,TUR,80.5489501953125,adult
1837,TUR,80.38516235351562,adult
1838,TUR,81.26383209228516,adult
1839,TUR,85.34716033935547,adult
1840,TUR,88.07317352294922,adult
1841,TUR,90.31009674072266,adult
1842,TUR,91.60452270507812,adult
1843,TUR,92.13807678222656,adult
1844,TUR,92.40181732177734,adult
1845,TUR,92.64581298828125,adult
1846,TUR,93.5630111694336,adult
1847,TUR,93.4982681274414,adult
1848,TUR,94.42404174804688,adult
1849,TKM,98.26177215576172,adult
1850,TKM,99.5999984741211,adult
1851,UGA,44.826690673828125,adult
1852,UGA,58.909881591796875,adult
1853,UGA,62.07897186279297,adult
1854,UGA,64.5914535522461,adult
1855,UGA,61.970428466796875,adult
1856,UGA,70.83805847167969,adult
1857,UKR,99.17156982421875,adult
1858,UKR,99.95819854736328,adult
1859,ARE,38.12487030029297,adult
1860,ARE,68.6612777709961,adult
1861,ARE,91.47474670410156,adult
1862,ARE,96.86031341552734,adult
1863,URY,94.30451965332031,adult
1864,URY,95.88153839111328,adult
1865,URY,97.27095794677734,adult
1866,URY,98.08435821533203,adult
1867,URY,98.24192810058594,adult
1868,URY,98.46366119384766,adult
1869,URY,98.53372192382812,adult
1870,URY,98.49095153808594,adult
1871,URY,98.61907958984375,adult
1872,URY,98.66055297851562,adult
1873,URY,98.63642883300781,adult
1874,URY,98.80905151367188,adult
1875,URY,98.86746215820312,adult
1876,URY,98.8503189086914,adult
1877,URY,98.96391296386719,adult
1878,URY,99.00773620605469,adult
1879,URY,99.03526306152344,adult
1880,UZB,98.13858032226562,adult
1881,UZB,99.9958724975586,adult
1882,UZB,99.97599029541016,adult
1883,UZB,99.97576904296875,adult
1884,UZB,99.97840881347656,adult
1885,UZB,99.98587036132812,adult
1886,UZB,99.99994659423828,adult
1887,VUT,47.782588958740234,adult
1888,VUT,53.70000076293945,adult
1889,VUT,65.5999984741211,adult
1890,VUT,76.19999694824219,adult
1891,VUT,83.19999694824219,adult
1892,VUT,86.70609283447266,adult
1893,VEN,83.0046615600586,adult
1894,VEN,89.00485229492188,adult
1895,VEN,92.71598052978516,adult
1896,VEN,94.92964172363281,adult
1897,VEN,95.35040283203125,adult
1898,VEN,95.02887725830078,adult
1899,VEN,96.56006622314453,adult
1900,VEN,97.21370697021484,adult
1901,VNM,78.14038848876953,adult
1902,VNM,82.82939147949219,adult
1903,VNM,86.92008209228516,adult
1904,VNM,86.610107421875,adult
1905,VNM,91.37908935546875,adult
1906,VNM,94.56565856933594,adult
1907,YEM,17.059560775756836,adult
1908,YEM,35,adult
1909,ZMB,57.35776138305664,adult
1910,ZMB,59.80284881591797,adult
1911,ZMB,61.83927917480469,adult
1912,ZMB,51.78696823120117,adult
1913,ZMB,77.74664306640625,adult
1914,ZMB,83.08344268798828,adult
1915,ZWE,71.85392761230469,adult
1916,ZWE,78.51702117919922,adult
1917,ZWE,80.06565856933594,adult
1918,ZWE,88.28382873535156,adult
1919,AFG,45.7960205078125,young
1920,AFG,61.87907,young
1921,ALB,99.36846,young
1922,ALB,98.53712,young
1923,ALB,98.73136,young
1924,ALB,99.37598,young
1925,DZA,86.2300872802734,young
1926,DZA,94.05754,young
1927,DZA,94.38148000000001,young
1928,DZA,95.74706,young
1929,ASM,97.8886184692383,young
1930,AND,100,young
1931,AND,100,young
1932,AGO,83.77693000000001,young
1933,AGO,84.86238,young
1934,ARG,96.45922088623051,young
1935,ARG,98.06549072265629,young
1936,ARG,98.7079,young
1937,ARG,99.13,young
1938,ARM,99.9093704223633,young
1939,ARM,99.75235,young
1940,ARM,99.81841999999999,young
1941,ABW,98.88176,young
1942,ABW,98.96573000000001,young
1943,AZE,99.87034,young
1944,AZE,100,young
1945,AZE,99.95678000000001,young
1946,AZE,99.96745,young
1947,AZE,99.95603,young
1948,AZE,99.955,young
1949,AZE,99.97686999999999,young
1950,AZE,99.97624,young
1951,AZE,99.96367,young
1952,AZE,99.96238000000001,young
1953,BHR,89.6903762817383,young
1954,BHR,97.2586669921875,young
1955,BHR,96.82708000000001,young
1956,BHR,98.61991,young
1957,BGD,44.3621597290039,young
1958,BGD,51.7367286682129,young
1959,BGD,67.16381,young
1960,BGD,54.274330000000006,young
1961,BGD,55.753930000000004,young
1962,BGD,90.90535,young
1963,BRB,99.7203903198242,young
1964,BLR,99.7319793701172,young
1965,BLR,99.75686999999999,young
1966,BLR,99.80033,young
1967,BLZ,78.8059463500977,young
1968,BEN,45.7106399536133,young
1969,BEN,55.130218505859396,young
1970,BEN,59.20508,young
1971,BEN,54.86694,young
1972,BEN,63.94092,young
1973,BTN,80.04191999999999,young
1974,BTN,90.39581,young
1975,BOL,91.4681396484375,young
1976,BOL,96.3184127807617,young
1977,BOL,98.54929,young
1978,BOL,99.75361,young
1979,BOL,99.39023,young
1980,BOL,99.69364,young
1981,BOL,99.24663000000001,young
1982,BOL,99.16245,young
1983,BOL,99.39402,young
1984,BIH,99.7482,young
1985,BIH,99.75125,young
1986,BIH,99.65765,young
1987,BWA,85.9000701904297,young
1988,BWA,92.08331,young
1989,BRA,82.5567626953125,young
1990,BRA,92.65401,young
1991,BRA,95.78389,young
1992,BRA,96.79700000000001,young
1993,BRA,97.05688,young
1994,BRA,97.18046,young
1995,BRA,97.44572,young
1996,BRA,96.71616999999999,young
1997,BRA,97.90999000000001,young
1998,BRA,98.22743,young
1999,BRA,98.25204000000001,young
2000,BRA,98.44697,young
2001,BRN,94.06430053710942,young
2002,BRN,98.10690307617192,young
2003,BRN,98.8743,young
2004,BRN,99.19989,young
2005,BGR,98.30967,young
2006,BGR,98.06693,young
2007,BFA,22.377130508422898,young
2008,BFA,26.7887992858887,young
2009,BFA,25.4782600402832,young
2010,BFA,38.38109,young
2011,BFA,40.37981,young
2012,BFA,39.821870000000004,young
2013,BFA,46.733740000000004,young
2014,BFA,56.994890000000005,young
2015,BDI,40.9319915771484,young
2016,BDI,59.497840881347706,young
2017,BDI,76.78002,young
2018,BDI,66.61451,young
2019,BDI,85.29008,young
2020,KHM,81.8462905883789,young
2021,KHM,87.92011,young
2022,KHM,89.38368,young
2023,KHM,88.35611999999999,young
2024,CMR,79.5916519165039,young
2025,CMR,88.42245,young
2026,CMR,89.41731999999999,young
2027,CMR,85.39748,young
2028,CPV,89.94896697998051,young
2029,CPV,97.87189000000001,young
2030,CPV,97.58501,young
2031,CYM,99.14231,young
2032,CAF,62.561450958252,young
2033,CAF,72.59475,young
2034,CAF,48.8571,young
2035,TCD,26.246229171752898,young
2036,TCD,55.6862,young
2037,TCD,53.70823000000001,young
2038,TCD,51.8363,young
2039,TCD,40.692890000000006,young
2040,CHL,96.18222045898442,young
2041,CHL,98.1564483642578,young
2042,CHL,98.80364,young
2043,CHL,99.11452,young
2044,CHL,98.85938,young
2045,CHL,99.21439000000001,young
2046,CHL,99.00978,young
2047,CHN,95.2085418701172,young
2048,CHN,96.9769287109375,young
2049,CHN,99.19846,young
2050,CHN,99.68961999999999,young
2051,COL,94.6445693969727,young
2052,COL,96.3851165771484,young
2053,COL,97.55252,young
2054,COL,97.51703,young
2055,COL,97.53366,young
2056,COL,97.48288000000001,young
2057,COL,97.54666,young
2058,COL,97.44113,young
2059,COL,97.68271999999999,young
2060,COL,97.76047,young
2061,COL,98.10670999999999,young
2062,COL,98.15518,young
2063,COM,69.35772705078129,young
2064,COM,83.95133,young
2065,COM,73.81076999999999,young
2066,COG,85.68361,young
2067,CRI,96.7545166015625,young
2068,CRI,97.19749,young
2069,CRI,99.00768000000001,young
2070,CIV,59.9322509765625,young
2071,CIV,54.4031295776367,young
2072,CIV,70.84071999999999,young
2073,CIV,58.33263,young
2074,CIV,59.12435,young
2075,HRV,99.6661834716797,young
2076,HRV,99.64426,young
2077,HRV,99.71204,young
2078,CUB,99.95741,young
2079,CUB,99.85526999999999,young
2080,CYP,99.5799102783203,young
2081,CYP,99.73631,young
2082,CYP,99.80454,young
2083,COD,77.98111,young
2084,COD,78.93642,young
2085,COD,91.04756,young
2086,COD,90.96096999999999,young
2087,DOM,81.25730895996091,young
2088,DOM,92.99864000000001,young
2089,DOM,94.62720999999999,young
2090,DOM,95.7753,young
2091,DOM,96.09187,young
2092,DOM,96.32186999999999,young
2093,DOM,96.7627,young
2094,DOM,97.35356,young
2095,DOM,97.22539,young
2096,ECU,94.5548095703125,young
2097,ECU,96.5757675170898,young
2098,ECU,96.3794,young
2099,ECU,95.21831,young
2100,ECU,96.81895,young
2101,ECU,98.46887,young
2102,ECU,98.5865,young
2103,ECU,98.77316,young
2104,ECU,98.57941,young
2105,ECU,99.01074,young
2106,ECU,99.33717,young
2107,ECU,98.9792,young
2108,EGY,63.040679931640604,young
2109,EGY,71.38067626953129,young
2110,EGY,78.990867614746,young
2111,EGY,90.07911999999999,young
2112,EGY,87.8568,young
2113,EGY,90.55763,young
2114,EGY,92.35576,young
2115,EGY,93.64928,young
2116,SLV,84.9452590942383,young
2117,SLV,94.39686999999999,young
2118,SLV,93.21921999999999,young
2119,SLV,95.40501,young
2120,SLV,94.70805,young
2121,SLV,95.66904,young
2122,SLV,96.15056,young
2123,SLV,96.94699,young
2124,SLV,97.46197,young
2125,GNQ,97.6079,young
2126,ERI,86.25322,young
2127,ERI,91.28661,young
2128,EST,99.8340225219727,young
2129,EST,99.7291,young
2130,EST,99.93924,young
2131,SWZ,76.0830764770508,young
2132,SWZ,83.08648681640629,young
2133,SWZ,90.69415,young
2134,SWZ,92.18741999999999,young
2135,ETH,39.288669586181605,young
2136,ETH,62.2,young
2137,ETH,55.88474,young
2138,ETH,62.97093,young
2139,GAB,94.4075469970703,young
2140,GAB,87.38959,young
2141,GMB,64.34049,young
2142,GMB,65.97576,young
2143,GEO,99.78848,young
2144,GEO,99.67772,young
2145,GHA,75.9459,young
2146,GHA,88.31075,young
2147,GRC,99.0480575561523,young
2148,GRC,98.988426208496,young
2149,GRC,98.89446,young
2150,GRC,99.53356,young
2151,GRC,99.44521,young
2152,GRC,99.51223,young
2153,GRC,98.58221,young
2154,GRL,100,young
2155,GRD,98.845359802246,young
2156,GUM,95.3572616577148,young
2157,GUM,99.9000015258789,young
2158,GTM,81.721061706543,young
2159,GTM,86.37878,young
2160,GTM,95.46641,young
2161,GTM,94.18228,young
2162,GTM,95.48186,young
2163,GIN,44.1200485229492,young
2164,GIN,59.46236999999999,young
2165,GIN,37.56715,young
2166,GIN,56.97051,young
2167,GNB,59.6943702697754,young
2168,GNB,74.80124,young
2169,GNB,71.25033,young
2170,GUY,92.42121,young
2171,GUY,96.33185999999999,young
2172,HTI,51.261348724365206,young
2173,HTI,82.65737,young
2174,HTI,74.36740999999999,young
2175,HND,86.89099,young
2176,HND,92.69526,young
2177,HND,94.44801,young
2178,HND,94.93154,young
2179,HND,94.00283,young
2180,HND,93.85074,young
2181,HND,95.04737,young
2182,HND,94.99325,young
2183,HND,94.94519,young
2184,HUN,99.42166137695308,young
2185,HUN,99.1106796264648,young
2186,IND,66.3148727416992,young
2187,IND,73.5097198486328,young
2188,IND,84.19224,young
2189,IND,88.41184,young
2190,IND,90.04483,young
2191,IDN,89.591209411621,young
2192,IDN,97.4022674560547,young
2193,IDN,98.86708,young
2194,IDN,97.02747,young
2195,IDN,99.53748,young
2196,IDN,99.55003,young
2197,IDN,98.80384000000001,young
2198,IDN,99.68156,young
2199,IDN,99.70176,young
2200,IDN,99.68345,young
2201,IRN,70.9001693725585,young
2202,IRN,84.5260772705078,young
2203,IRN,92.4355010986328,young
2204,IRN,95.5168228149414,young
2205,IRN,98.10998000000001,young
2206,IRN,97.14548,young
2207,IRN,98.25652,young
2208,IRN,98.33391999999999,young
2209,IRN,98.10902,young
2210,IRN,98.19154,young
2211,IRQ,88.91216999999999,young
2212,IRQ,57.00646999999999,young
2213,ISR,99.05457305908199,young
2214,ITA,99.6975936889648,young
2215,ITA,99.80447,young
2216,ITA,99.85103000000001,young
2217,JAM,87.31139,young
2218,JOR,95.792137145996,young
2219,JOR,99.32879,young
2220,JOR,98.931,young
2221,JOR,98.95204,young
2222,JOR,98.75873,young
2223,JOR,99.05083,young
2224,JOR,99.00204000000001,young
2225,KAZ,99.6977081298828,young
2226,KAZ,99.81603,young
2227,KAZ,99.80391,young
2228,KAZ,99.94014,young
2229,KEN,93.30951999999999,young
2230,KEN,83.20541999999999,young
2231,KEN,86.93869000000001,young
2232,KWT,77.6922302246094,young
2233,KWT,81.2881622314453,young
2234,KWT,90.6923294067383,young
2235,KWT,93.7998886108398,young
2236,KWT,99.69097,young
2237,KWT,98.52218,young
2238,KWT,98.39884,young
2239,KWT,98.56515999999999,young
2240,KWT,99.06282,young
2241,KWT,98.73638000000001,young
2242,KWT,99.25229,young
2243,KWT,99.15068000000001,young
2244,KGZ,99.65078000000001,young
2245,KGZ,99.70463000000001,young
2246,LAO,78.815788269043,young
2247,LAO,88.06197,young
2248,LAO,82.59933000000001,young
2249,LAO,89.18749,young
2250,LAO,77.27266999999999,young
2251,LVA,99.7500534057617,young
2252,LVA,99.71818,young
2253,LVA,99.80219,young
2254,LBN,98.39605999999999,young
2255,LBN,99.16173,young
2256,LSO,84.82558,young
2257,LSO,74.18503,young
2258,LSO,79.60804,young
2259,LBR,62.8272895812988,young
2260,LBR,65.7604217529297,young
2261,LBR,63.45101999999999,young
2262,LBY,97.85204315185551,young
2263,LBY,99.4237823486328,young
2264,LTU,99.6411819458008,young
2265,LTU,99.66221999999999,young
2266,LTU,99.84546999999999,young
2267,MAC,95.1423873901367,young
2268,MAC,99.43009,young
2269,MAC,99.58699,young
2270,MAC,99.65496999999999,young
2271,MAC,99.72689,young
2272,MDG,72.65446,young
2273,MDG,65.91478000000001,young
2274,MDG,78.41248,young
2275,MWI,70.4406509399414,young
2276,MWI,82.0912322998047,young
2277,MWI,74.26925,young
2278,MWI,78.78466,young
2279,MWI,72.49172,young
2280,MYS,89.49591064453129,young
2281,MYS,95.9064407348633,young
2282,MYS,97.20814,young
2283,MYS,98.38104,young
2284,MDV,84.13037109375,young
2285,MDV,94.88720703125,young
2286,MDV,98.0773086547852,young
2287,MDV,98.03439331054692,young
2288,MDV,98.03439,young
2289,MDV,99.24022,young
2290,MDV,99.08133000000001,young
2291,MLI,26.6656303405762,young
2292,MLI,32.2511787414551,young
2293,MLI,47.37997,young
2294,MLI,56.371269999999996,young
2295,MLI,56.31502,young
2296,MLI,60.525490000000005,young
2297,MLT,94.3650665283203,young
2298,MLT,97.45976,young
2299,MLT,98.40398,young
2300,MHL,98.16972,young
2301,MRT,67.73265,young
2302,MRT,66.39988000000001,young
2303,MUS,90.6955718994141,young
2304,MUS,93.72184,young
2305,MUS,97.68915,young
2306,MEX,93.08718872070308,young
2307,MEX,95.9634628295898,young
2308,MEX,96.7512,young
2309,MEX,97.9407,young
2310,MEX,97.5173,young
2311,MEX,97.64425,young
2312,MEX,98.10611999999999,young
2313,MEX,98.19888,young
2314,MEX,98.40971,young
2315,MEX,98.67003000000001,young
2316,MEX,98.37557,young
2317,MEX,98.41656,young
2318,MEX,98.72036999999999,young
2319,MEX,98.52684,young
2320,MEX,98.92220999999999,young
2321,MEX,98.87351,young
2322,MDA,99.72015380859379,young
2323,MDA,99.40321,young
2324,MDA,99.33775,young
2325,MNG,96.99861,young
2326,MNG,98.02181,young
2327,MNE,99.1471099853516,young
2328,MNE,99.26254272460942,young
2329,MNE,99.45795,young
2330,MNE,99.36079000000001,young
2331,MAR,58.1169204711914,young
2332,MAR,71.384910583496,young
2333,MAR,80.80266999999999,young
2334,MAR,85.80525,young
2335,MAR,86.72861999999999,young
2336,MAR,88.82942,young
2337,MAR,94.62719,young
2338,MOZ,63.9541816711426,young
2339,MOZ,59.452701568603494,young
2340,MOZ,74.36055,young
2341,MOZ,79.84044,young
2342,MMR,88.56580352783199,young
2343,MMR,95.7881,young
2344,MMR,85.11967,young
2345,NAM,85.70274353027341,young
2346,NAM,91.14834,young
2347,NAM,83.23858,young
2348,NAM,93.45852,young
2349,NPL,45.0961418151855,young
2350,NPL,68.2296295166016,young
2351,NPL,80.61596999999999,young
2352,NPL,89.88401999999999,young
2353,NCL,97.0024871826172,young
2354,NCL,98.6569290161133,young
2355,NIC,83.63,young
2356,NIC,85.15562,young
2357,NER,26.230059999999998,young
2358,NER,52.44951999999999,young
2359,NER,34.53362,young
2360,NGA,81.3560333251953,young
2361,NGA,78.12795,young
2362,NGA,75.56594,young
2363,PRK,99.99944,young
2364,MKD,99.1444625854492,young
2365,MKD,98.98544,young
2366,OMN,97.86509000000001,young
2367,OMN,97.63412,young
2368,OMN,97.40565,young
2369,OMN,99.1306,young
2370,OMN,99.43405,young
2371,OMN,98.51479,young
2372,PAK,44.5028686523438,young
2373,PAK,67.14935302734379,young
2374,PAK,76.65172,young
2375,PAK,79.10218,young
2376,PAK,79.42005,young
2377,PAK,79.14432,young
2378,PAK,79.50414,young
2379,PAK,78.04241999999999,young
2380,PAK,80.28826,young
2381,PAK,79.40381,young
2382,PAK,79.76598,young
2383,PLW,94.193603515625,young
2384,PLW,97.366600036621,young
2385,PLW,99.76959000000001,young
2386,PLW,98.24561,young
2387,PSE,96.9136276245117,young
2388,PSE,99.02489,young
2389,PSE,99.0393,young
2390,PSE,99.13416,young
2391,PSE,99.21045,young
2392,PSE,99.23298,young
2393,PSE,99.21135,young
2394,PSE,99.25986,young
2395,PSE,99.34515999999999,young
2396,PSE,99.41883,young
2397,PSE,99.40579,young
2398,PSE,99.41046999999999,young
2399,PSE,99.45153,young
2400,PAN,95.92749786376949,young
2401,PAN,95.39389038085942,young
2402,PAN,96.53054,young
2403,PAN,97.93446999999999,young
2404,PNG,69.13374,young
2405,PRY,90.1732864379883,young
2406,PRY,95.85675048828129,young
2407,PRY,98.80972,young
2408,PRY,97.69171999999999,young
2409,PRY,98.04145,young
2410,PRY,98.50034000000001,young
2411,PRY,98.90615,young
2412,PRY,98.04035,young
2413,PER,96.513328552246,young
2414,PER,96.98548126220699,young
2415,PER,97.80303,young
2416,PER,97.92135,young
2417,PER,98.51275,young
2418,PER,98.01326,young
2419,PER,98.71934,young
2420,PER,99.15706,young
2421,PER,99.23966999999999,young
2422,PER,99.08887,young
2423,PHL,91.0633087158203,young
2424,PHL,96.2767333984375,young
2425,PHL,94.45826,young
2426,PHL,93.5783,young
2427,PHL,97.01995,young
2428,PHL,97.42543,young
2429,POL,99.7787399291992,young
2430,POL,99.9991073608398,young
2431,PRT,97.6643218994141,young
2432,PRT,99.14246368408199,young
2433,PRT,99.3918,young
2434,PRI,93.0182723999023,young
2435,PRI,92.2238998413085,young
2436,PRI,98.81458,young
2437,QAT,88.5272979736328,young
2438,QAT,94.1227569580078,young
2439,QAT,94.88588,young
2440,QAT,99.09515999999999,young
2441,QAT,95.31860999999999,young
2442,QAT,97.70183,young
2443,QAT,96.32373,young
2444,QAT,97.57916,young
2445,QAT,98.68559,young
2446,QAT,98.82146999999999,young
2447,QAT,98.38078,young
2448,ROU,99.1800689697266,young
2449,ROU,97.74423,young
2450,ROU,99.01409,young
2451,RUS,99.69100952148442,young
2452,RUS,99.67908,young
2453,RUS,99.66278,young
2454,RWA,59.6562004089355,young
2455,RWA,79.3672714233398,young
2456,RWA,78.52216999999999,young
2457,RWA,76.65858,young
2458,RWA,81.12005,young
2459,WSM,99.12000274658199,young
2460,WSM,99.02962,young
2461,STP,90.8198928833008,young
2462,STP,95.8085403442383,young
2463,STP,95.97399,young
2464,STP,83.05633,young
2465,STP,97.12077,young
2466,SAU,93.9633102416992,young
2467,SAU,98.07428,young
2468,SAU,96.95305,young
2469,SAU,99.30072,young
2470,SEN,49.1273002624512,young
2471,SEN,58.48508,young
2472,SEN,58.12517,young
2473,SEN,74.20335,young
2474,SEN,73.96651,young
2475,SEN,61.11376,young
2476,SRB,99.34544,young
2477,SRB,99.71523,young
2478,SYC,96.8068618774414,young
2479,SYC,98.4939804077148,young
2480,SYC,98.7706,young
2481,SYC,98.58672,young
2482,SLE,59.61425,young
2483,SLE,64.5305,young
2484,SGP,96.40878295898442,young
2485,SGP,98.8551177978516,young
2486,SGP,99.40999000000001,young
2487,SGP,99.73789000000001,young
2488,SGP,99.89365,young
2489,SGP,99.89686999999999,young
2490,SGP,99.89628,young
2491,SGP,99.89716,young
2492,SGP,99.73515,young
2493,SGP,99.91319,young
2494,SVN,99.73696899414058,young
2495,ZAF,85.3461990356445,young
2496,ZAF,93.4984130859375,young
2497,ZAF,97.04518,young
2498,ZAF,97.9152,young
2499,ZAF,98.38871999999999,young
2500,ZAF,98.43064,young
2501,ZAF,98.49655,young
2502,ZAF,98.68172,young
2503,ZAF,98.68459,young
2504,SSD,44.07936,young
2505,ESP,98.64132690429692,young
2506,ESP,99.54004669189449,young
2507,ESP,99.58037,young
2508,ESP,99.57169,young
2509,ESP,99.58001,young
2510,ESP,99.52781999999999,young
2511,ESP,99.63875,young
2512,ESP,99.50676999999999,young
2513,ESP,99.65465,young
2514,ESP,99.64105,young
2515,ESP,99.69463,young
2516,ESP,99.75731,young
2517,ESP,99.61875,young
2518,ESP,99.63757,young
2519,LKA,91.87976837158199,young
2520,LKA,95.06529,young
2521,LKA,97.02708,young
2522,LKA,97.33251,young
2523,LKA,97.68654000000001,young
2524,SDN,85.69496,young
2525,SDN,68.66786,young
2526,SUR,95.61588,young
2527,SUR,99.37586,young
2528,SUR,97.97273,young
2529,SUR,98.08572,young
2530,SYR,88.8319778442383,young
2531,SYR,97.14407,young
2532,SYR,94.60731,young
2533,TJK,99.7364501953125,young
2534,TJK,99.84443,young
2535,TZA,86.2043228149414,young
2536,TZA,80.91718,young
2537,TZA,76.49114,young
2538,TZA,87.1745,young
2539,TZA,87.0131,young
2540,THA,97.5708236694335,young
2541,THA,98.09989,young
2542,THA,98.21679,young
2543,THA,96.64255,young
2544,THA,97.97784,young
2545,THA,98.00288,young
2546,TLS,80.48976,young
2547,TGO,83.78623,young
2548,TGO,84.85531999999999,young
2549,TGO,87.62799999999999,young
2550,TGO,86.91668,young
2551,TGO,89.67246999999999,young
2552,TON,99.8410491943359,young
2553,TON,99.2652206420898,young
2554,TON,99.30216,young
2555,TON,99.36657,young
2556,TTO,99.19503784179692,young
2557,TTO,99.3000030517578,young
2558,TUN,85.74456787109379,young
2559,TUN,90.3621368408203,young
2560,TUN,96.39501,young
2561,TUN,97.83991,young
2562,TUN,98.13431,young
2563,TUN,98.21085,young
2564,TUN,98.23633000000001,young
2565,TUN,97.97062,young
2566,TUN,96.61184,young
2567,TUR,90.754051208496,young
2568,TUR,93.62197875976558,young
2569,TUR,95.6840362548828,young
2570,TUR,96.57077026367192,young
2571,TUR,98.02444,young
2572,TUR,98.36093000000001,young
2573,TUR,98.36596,young
2574,TUR,98.58456,young
2575,TUR,99.01895999999999,young
2576,TUR,99.21415999999999,young
2577,TUR,99.4467,young
2578,TUR,99.5905,young
2579,TUR,99.68914000000001,young
2580,TUR,99.74698000000001,young
2581,TUR,99.8061,young
2582,TKM,99.8079071044922,young
2583,UGA,77.223876953125,young
2584,UGA,85.95758000000001,young
2585,UGA,87.26585,young
2586,UGA,89.63519000000001,young
2587,UGA,85.75978,young
2588,UKR,99.77624,young
2589,UKR,99.95707,young
2590,ARE,65.5117416381835,young
2591,ARE,81.0138320922852,young
2592,ARE,93.62515,young
2593,URY,97.7408905029297,young
2594,URY,98.2630462646484,young
2595,URY,98.15316772460942,young
2596,URY,98.31211,young
2597,URY,98.4888,young
2598,URY,98.62774,young
2599,URY,98.50746,young
2600,URY,98.35943,young
2601,URY,98.6134,young
2602,URY,98.62612,young
2603,URY,98.56438,young
2604,URY,98.30905,young
2605,URY,98.63845,young
2606,UZB,99.85337,young
2607,UZB,100,young
2608,UZB,100,young
2609,UZB,100,young
2610,VUT,75.7441635131835,young
2611,VUT,87.30343627929692,young
2612,VEN,92.3298187255859,young
2613,VEN,94.520751953125,young
2614,VEN,96.32621999999999,young
2615,VEN,97.9744,young
2616,VEN,98.26986,young
2617,VEN,96.88986,young
2618,VEN,98.71199,young
2619,VEN,98.44194,young
2620,VNM,96.10887908935551,young
2621,VNM,94.0826034545898,young
2622,VNM,94.37064000000001,young
2623,VNM,95.58781,young
2624,VNM,97.39524,young
2625,YEM,82.8042221069335,young
2626,ZMB,67.26934814453129,young
2627,ZMB,72.6156,young
2628,ZMB,77.72511999999999,young
2629,ZMB,70.30841,young
2630,ZMB,91.19563000000001,young
2631,ZWE,93.8269577026367,young
2632,ZWE,96.54061889648442,young
2633,ZWE,89.59058,young
2634,ZWE,87.59186,young
2635,AFG,11.1428003311157,young
2636,AFG,32.11322,young
2637,ALB,99.49808,young
2638,ALB,99.12132,young
2639,ALB,98.85624,young
2640,ALB,99.02019,young
2641,DZA,62.2114791870117,young
2642,DZA,86.13399,young
2643,DZA,89.13824,young
2644,DZA,91.73993,young
2645,ASM,97.4436492919922,young
2646,AND,100,young
2647,AND,100,young
2648,AGO,63.18212,young
2649,AGO,70.58513,young
2650,ARG,97.30248260498051,young
2651,ARG,98.5402069091797,young
2652,ARG,99.12767,young
2653,ARG,99.48,young
2654,ARM,99.9105682373047,young
2655,ARM,99.86166999999999,young
2656,ARM,99.87619000000001,young
2657,ABW,99.16637,young
2658,ABW,99.3231,young
2659,AZE,99.90149,young
2660,AZE,100,young
2661,AZE,99.94579,young
2662,AZE,99.93333,young
2663,AZE,99.93176,young
2664,AZE,99.91767,young
2665,AZE,99.9267,young
2666,AZE,99.93638,young
2667,AZE,99.92011,young
2668,AZE,99.91648,young
2669,BHR,82.0774230957031,young
2670,BHR,96.5787734985352,young
2671,BHR,97.25061,young
2672,BHR,97.58234,young
2673,BGD,27.151010513305696,young
2674,BGD,37.9897499084473,young
2675,BGD,60.25623,young
2676,BGD,67.48857,young
2677,BGD,72.65009,young
2678,BGD,93.53532,young
2679,BRB,99.8000030517578,young
2680,BLR,99.800537109375,young
2681,BLR,99.82821,young
2682,BLR,99.84739,young
2683,BLZ,79.8089294433594,young
2684,BEN,18.2551803588867,young
2685,BEN,26.6902904510498,young
2686,BEN,33.238,young
2687,BEN,30.78655,young
2688,BEN,40.93838,young
2689,BTN,67.96426,young
2690,BTN,84.48774,young
2691,BOL,75.8401412963867,young
2692,BOL,91.56597900390629,young
2693,BOL,96.11462,young
2694,BOL,99.14458,young
2695,BOL,98.87941,young
2696,BOL,99.0843,young
2697,BOL,98.77202,young
2698,BOL,98.82861,young
2699,BOL,99.40420999999999,young
2700,BIH,99.84363,young
2701,BIH,99.15044,young
2702,BIH,99.66747,young
2703,BWA,92.2518768310547,young
2704,BWA,95.59602,young
2705,BRA,85.2365493774414,young
2706,BRA,95.71902,young
2707,BRA,97.90386,young
2708,BRA,98.36166,young
2709,BRA,98.55943,young
2710,BRA,98.53111,young
2711,BRA,98.69204,young
2712,BRA,98.31874,young
2713,BRA,99.07315,young
2714,BRA,99.02082,young
2715,BRA,99.22972,young
2716,BRA,99.25031,young
2717,BRN,93.23892211914058,young
2718,BRN,98.0837936401367,young
2719,BRN,98.91216999999999,young
2720,BRN,99.54606,young
2721,BGR,98.10977,young
2722,BGR,97.65106,young
2723,BFA,6.66406011581421,young
2724,BFA,14.1737499237061,young
2725,BFA,13.985340118408198,young
2726,BFA,24.81137,young
2727,BFA,26.4829,young
2728,BFA,26.53412,young
2729,BFA,33.12532,young
2730,BFA,43.98583,young
2731,BDI,21.4868602752686,young
2732,BDI,48.011260986328104,young
2733,BDI,70.3653,young
2734,BDI,57.32103000000001,young
2735,BDI,74.95891,young
2736,KHM,71.0715866088867,young
2737,KHM,78.896,young
2738,KHM,85.53457,young
2739,KHM,85.86868,young
2740,CMR,59.0631790161133,young
2741,CMR,77.96249,young
2742,CMR,77.48205,young
2743,CMR,76.42093,young
2744,CPV,86.4150924682617,young
2745,CPV,98.39818000000001,young
2746,CPV,98.73018,young
2747,CYM,98.62333000000001,young
2748,CAF,34.851749420166,young
2749,CAF,49.01935,young
2750,CAF,26.97133,young
2751,TCD,8.94583988189697,young
2752,TCD,23.2354,young
2753,TCD,30.77491,young
2754,TCD,25.99362,young
2755,TCD,22.38715,young
2756,CHL,97.1165313720703,young
2757,CHL,98.7008590698242,young
2758,CHL,99.18334,young
2759,CHL,99.19581,young
2760,CHL,98.89001999999999,young
2761,CHL,99.60537,young
2762,CHL,99.08694,young
2763,CHN,82.0992202758789,young
2764,CHN,91.4546966552734,young
2765,CHN,98.50486,young
2766,CHN,99.59304,young
2767,COL,96.2814407348633,young
2768,COL,97.56674194335942,young
2769,COL,98.41068,young
2770,COL,98.37487,young
2771,COL,98.19491,young
2772,COL,98.419,young
2773,COL,98.42687,young
2774,COL,98.43472,young
2775,COL,98.5172,young
2776,COL,98.72434,young
2777,COL,98.97285,young
2778,COL,98.91534,young
2779,COM,54.899040222168,young
2780,COM,77.55762,young
2781,COM,69.59522,young
2782,COG,76.94608000000001,young
2783,CRI,97.5381317138672,young
2784,CRI,98.03841,young
2785,CRI,99.25811999999999,young
2786,CIV,37.845939636230504,young
2787,CIV,39.849090576171896,young
2788,CIV,52.125170000000004,young
2789,CIV,38.75008,young
2790,CIV,47.03975,young
2791,HRV,99.60440063476558,young
2792,HRV,99.65321,young
2793,HRV,99.73572,young
2794,CUB,99.95369000000001,young
2795,CUB,99.8952,young
2796,CYP,99.6641998291016,young
2797,CYP,99.81524,young
2798,CYP,99.83830999999999,young
2799,COD,63.0907,young
2800,COD,53.25022,young
2801,COD,76.6585,young
2802,COD,79.71484,young
2803,DOM,83.9385299682617,young
2804,DOM,95.41705,young
2805,DOM,96.93073000000001,young
2806,DOM,97.88349000000001,young
2807,DOM,98.05375,young
2808,DOM,97.76923000000001,young
2809,DOM,98.25251999999999,young
2810,DOM,98.04481,young
2811,DOM,98.03096,young
2812,ECU,92.2789306640625,young
2813,ECU,95.833251953125,young
2814,ECU,96.49345,young
2815,ECU,95.62893000000001,young
2816,ECU,96.84546,young
2817,ECU,98.8541,young
2818,ECU,98.80532,young
2819,ECU,98.89454,young
2820,ECU,98.63248,young
2821,ECU,99.18693,young
2822,ECU,98.91229,young
2823,ECU,99.13691999999999,young
2824,EGY,38.1226387023926,young
2825,EGY,54.0046615600586,young
2826,EGY,66.931541442871,young
2827,EGY,78.94999,young
2828,EGY,81.75145,young
2829,EGY,84.30693000000001,young
2830,EGY,86.05159,young
2831,EGY,90.3254,young
2832,SLV,84.94789123535159,young
2833,SLV,95.45334,young
2834,SLV,93.88949000000001,young
2835,SLV,96.48331,young
2836,SLV,95.32356,young
2837,SLV,96.38574,young
2838,SLV,96.94589,young
2839,SLV,97.50019,young
2840,SLV,98.43374,young
2841,GNQ,96.62424,young
2842,ERI,69.4834,young
2843,ERI,82.57652,young
2844,EST,99.9045028686523,young
2845,EST,99.81336,young
2846,EST,99.95904,young
2847,SWZ,74.9796600341797,young
2848,SWZ,84.2975997924805,young
2849,SWZ,92.94364,young
2850,SWZ,94.74849,young
2851,ETH,28.0801696777344,young
2852,ETH,38.5,young
2853,ETH,33.29975,young
2854,ETH,47.041129999999995,young
2855,GAB,92.11402130126949,young
2856,GAB,89.42925,young
2857,GMB,41.39434,young
2858,GMB,56.12098,young
2859,GEO,99.86236,young
2860,GEO,99.72914,young
2861,GHA,65.48871,young
2862,GHA,83.23453,young
2863,GRC,98.8844528198242,young
2864,GRC,98.97937774658199,young
2865,GRC,98.99116,young
2866,GRC,99.5248,young
2867,GRC,99.67996,young
2868,GRC,99.46973,young
2869,GRC,98.81535,young
2870,GRL,100,young
2871,GRD,99.07742309570308,young
2872,GUM,95.90540313720699,young
2873,GUM,99.8476181030273,young
2874,GTM,70.7215118408203,young
2875,GTM,78.39068,young
2876,GTM,91.94237,young
2877,GTM,89.77037,young
2878,GTM,93.26925,young
2879,GIN,13.4728002548218,young
2880,GIN,34.06904,young
2881,GIN,21.79673,young
2882,GIN,37.21018,young
2883,GNB,17.8034706115723,young
2884,GNB,45.90365,young
2885,GNB,49.75632,young
2886,GUY,93.67022,young
2887,GUY,97.03701,young
2888,HTI,51.0530204772949,young
2889,HTI,80.68945,young
2890,HTI,70.48078000000001,young
2891,HND,90.91032,young
2892,HND,95.05453,young
2893,HND,95.8775,young
2894,HND,96.92600999999999,young
2895,HND,95.98721,young
2896,HND,96.29856,young
2897,HND,96.29226,young
2898,HND,96.99961,young
2899,HND,97.24561,young
2900,HUN,99.31812286376949,young
2901,HUN,99.1821136474609,young
2902,IND,40.3215217590332,young
2903,IND,49.3491897583008,young
2904,IND,67.74658000000001,young
2905,IND,74.35573000000001,young
2906,IND,81.84980999999999,young
2907,IDN,81.6483993530273,young
2908,IDN,95.0692520141602,young
2909,IDN,98.54216,young
2910,IDN,96.27235999999999,young
2911,IDN,99.38241,young
2912,IDN,99.39659,young
2913,IDN,98.7518,young
2914,IDN,99.67883,young
2915,IDN,99.63701999999999,young
2916,IDN,99.65351,young
2917,IRN,42.3278007507324,young
2918,IRN,65.5926666259766,young
2919,IRN,81.2009963989258,young
2920,IRN,90.55661010742192,young
2921,IRN,96.73755,young
2922,IRN,96.13215,young
2923,IRN,97.46597,young
2924,IRN,97.66179,young
2925,IRN,97.43798000000001,young
2926,IRN,97.67817,young
2927,IRQ,80.48683,young
2928,IRQ,48.63865,young
2929,ISR,98.04602813720699,young
2930,ITA,99.5874862670898,young
2931,ITA,99.82011,young
2932,ITA,99.8687,young
2933,JAM,96.29552,young
2934,JOR,84.8327865600585,young
2935,JOR,98.91331,young
2936,JOR,99.02348,young
2937,JOR,98.94657,young
2938,JOR,98.76635,young
2939,JOR,99.25322,young
2940,JOR,99.20273,young
2941,KAZ,99.7549896240234,young
2942,KAZ,99.8747,young
2943,KAZ,99.86511,young
2944,KAZ,99.85091,young
2945,KEN,91.94255,young
2946,KEN,81.63257,young
2947,KEN,86.13651999999999,young
2948,KWT,66.01071929931639,young
2949,KWT,76.0303573608398,young
2950,KWT,84.0936965942383,young
2951,KWT,90.18480682373051,young
2952,KWT,99.78759000000001,young
2953,KWT,98.49927,young
2954,KWT,98.50779,young
2955,KWT,98.73937,young
2956,KWT,98.71821,young
2957,KWT,98.83530999999999,young
2958,KWT,99.04066999999999,young
2959,KWT,99.40085,young
2960,KGZ,99.74129,young
2961,KGZ,99.79959000000001,young
2962,LAO,64.05435180664061,young
2963,LAO,73.56058,young
2964,LAO,74.68243000000001,young
2965,LAO,78.73984,young
2966,LAO,67.05378,young
2967,LVA,99.8209228515625,young
2968,LVA,99.78331,young
2969,LVA,99.87011,young
2970,LBN,99.0823,young
2971,LBN,99.33674,young
2972,LSO,97.49609,young
2973,LSO,92.09389,young
2974,LSO,93.96988,young
2975,LBR,33.7245597839355,young
2976,LBR,54.189300537109396,young
2977,LBR,37.17031,young
2978,LBY,80.3106002807617,young
2979,LBY,96.2951431274414,young
2980,LTU,99.7084732055664,young
2981,LTU,99.74238000000001,young
2982,LTU,99.86662,young
2983,MAC,94.2051162719727,young
2984,MAC,99.81016,young
2985,MAC,99.69966,young
2986,MAC,99.69008000000001,young
2987,MAC,99.86617,young
2988,MDG,68.18623000000001,young
2989,MDG,63.96708,young
2990,MDG,75.30385,young
2991,MWI,49.1280708312988,young
2992,MWI,70.7007217407227,young
2993,MWI,69.98174,young
2994,MWI,73.33242,young
2995,MWI,73.3858,young
2996,MYS,86.5314788818359,young
2997,MYS,95.22213745117192,young
2998,MYS,97.26772,young
2999,MYS,98.45826,young
3000,MDV,87.1192779541016,young
3001,MDV,96.1760406494141,young
3002,MDV,98.3154830932617,young
3003,MDV,98.2986373901367,young
3004,MDV,98.29864,young
3005,MDV,99.36065,young
3006,MDV,99.43955,young
3007,MLI,13.4746503829956,young
3008,MLI,16.860670089721697,young
3009,MLI,30.79846,young
3010,MLI,33.94571,young
3011,MLI,39.008559999999996,young
3012,MLI,39.20776,young
3013,MLT,97.8065338134766,young
3014,MLT,99.11073,young
3015,MLT,99.38656999999999,young
3016,MHL,98.7567,young
3017,MRT,55.483709999999995,young
3018,MRT,47.71239,young
3019,MUS,91.70590209960942,young
3020,MUS,95.3619,young
3021,MUS,98.57592,young
3022,MEX,90.8609390258789,young
3023,MEX,94.9032135009766,young
3024,MEX,96.48236,young
3025,MEX,97.27211,young
3026,MEX,97.60793000000001,young
3027,MEX,97.62793,young
3028,MEX,97.69171999999999,young
3029,MEX,98.11610999999999,young
3030,MEX,98.35642,young
3031,MEX,98.3816,young
3032,MEX,98.49213,young
3033,MEX,98.50666,young
3034,MEX,99.02956999999999,young
3035,MEX,98.60191,young
3036,MEX,99.07946,young
3037,MEX,99.01495,young
3038,MDA,99.73853302001949,young
3039,MDA,99.65156999999999,young
3040,MDA,99.58578,young
3041,MNG,98.43194,young
3042,MNG,98.90874000000001,young
3043,MNE,98.28720092773442,young
3044,MNE,98.9892120361328,young
3045,MNE,99.3606,young
3046,MNE,99.05261,young
3047,MAR,30.9509105682373,young
3048,MAR,45.9963607788086,young
3049,MAR,60.49289,young
3050,MAR,69.89815,young
3051,MAR,72.14524,young
3052,MAR,74.03429,young
3053,MAR,87.7834,young
3054,MOZ,25.1153907775879,young
3055,MOZ,36.553108215331996,young
3056,MOZ,50.038909999999994,young
3057,MOZ,56.54005,young
3058,MMR,81.3442001342773,young
3059,MMR,93.47118,young
3060,MMR,84.41379,young
3061,NAM,90.4171600341797,young
3062,NAM,93.63254,young
3063,NAM,90.61543,young
3064,NAM,95.34631999999999,young
3065,NPL,14.966609954834,young
3066,NPL,32.6664390563965,young
3067,NPL,60.14379,young
3068,NPL,80.20683000000001,young
3069,NCL,97.96157836914058,young
3070,NCL,98.86099243164058,young
3071,NIC,88.81788,young
3072,NIC,88.84248000000001,young
3073,NER,14.23355,young
3074,NER,23.197429999999997,young
3075,NER,15.057770000000001,young
3076,NGA,62.4877815246582,young
3077,NGA,60.50937,young
3078,NGA,57.95389,young
3079,PRK,99.99979,young
3080,MKD,98.5668716430664,young
3081,MKD,98.48539,young
3082,OMN,96.66145,young
3083,OMN,97.62498000000001,young
3084,OMN,98.16507,young
3085,OMN,99.05662,young
3086,OMN,98.75332,young
3087,OMN,98.9804,young
3088,PAK,23.832960128784197,young
3089,PAK,43.114051818847706,young
3090,PAK,53.08856,young
3091,PAK,58.37056,young
3092,PAK,61.249919999999996,young
3093,PAK,61.46266,young
3094,PAK,62.29837,young
3095,PAK,63.13681,young
3096,PAK,64.4741,young
3097,PAK,63.438,young
3098,PAK,65.54779,young
3099,PLW,94.35772705078129,young
3100,PLW,95.5198287963867,young
3101,PLW,99.8295,young
3102,PLW,99.17051,young
3103,PSE,97.1884994506835,young
3104,PSE,98.85481999999999,young
3105,PSE,99.14568,young
3106,PSE,98.9869,young
3107,PSE,98.81536,young
3108,PSE,99.23354,young
3109,PSE,99.27404,young
3110,PSE,99.367,young
3111,PSE,99.22708,young
3112,PSE,99.2749,young
3113,PSE,99.31944,young
3114,PSE,99.26786,young
3115,PSE,99.31307,young
3116,PAN,96.2839584350585,young
3117,PAN,94.7777633666992,young
3118,PAN,95.62273,young
3119,PAN,97.33686999999999,young
3120,PNG,64.05813,young
3121,PRY,89.0011978149414,young
3122,PRY,95.3614273071289,young
3123,PRY,98.77916,young
3124,PRY,98.23231,young
3125,PRY,98.98827,young
3126,PRY,98.72882,young
3127,PRY,98.47231,young
3128,PRY,98.6213,young
3129,PER,89.7637176513672,young
3130,PER,93.78624725341801,young
3131,PER,95.65602,young
3132,PER,96.28778,young
3133,PER,96.95764,young
3134,PER,96.70523,young
3135,PER,98.67575,young
3136,PER,98.78966,young
3137,PER,98.7729,young
3138,PER,98.6722,young
3139,PHL,92.4690322875977,young
3140,PHL,96.8777389526367,young
3141,PHL,95.72028,young
3142,PHL,96.58059,young
3143,PHL,98.49152,young
3144,PHL,98.81543,young
3145,POL,99.8158111572266,young
3146,POL,99.9992523193359,young
3147,PRT,98.22210693359379,young
3148,PRT,99.25787353515629,young
3149,PRT,99.47964,young
3150,PRI,94.397361755371,young
3151,PRI,94.1121292114258,young
3152,PRI,98.85419,young
3153,QAT,91.2305221557617,young
3154,QAT,95.8093109130859,young
3155,QAT,97.54001,young
3156,QAT,98.96525,young
3157,QAT,96.88498,young
3158,QAT,97.94622,young
3159,QAT,98.26115,young
3160,QAT,98.74933,young
3161,QAT,99.83464000000001,young
3162,QAT,99.33438000000001,young
3163,QAT,99.64683000000001,young
3164,ROU,99.0320892333984,young
3165,ROU,97.77951999999999,young
3166,ROU,98.97622,young
3167,RUS,99.7494583129883,young
3168,RUS,99.77128,young
3169,RUS,99.75802,young
3170,RWA,44.6915893554688,young
3171,RWA,74.24578857421879,young
3172,RWA,76.86258000000001,young
3173,RWA,77.97246,young
3174,RWA,83.48739,young
3175,WSM,98.9499969482422,young
3176,WSM,99.45804,young
3177,STP,74.0576705932617,young
3178,STP,91.8525772094727,young
3179,STP,94.85257,young
3180,STP,77.33728,young
3181,STP,96.35088,young
3182,SAU,81.0738296508789,young
3183,SAU,93.71306,young
3184,SAU,94.67571,young
3185,SAU,99.13699,young
3186,SEN,28.0347499847412,young
3187,SEN,40.96837,young
3188,SEN,44.54016,young
3189,SEN,56.19144,young
3190,SEN,58.999019999999994,young
3191,SEN,50.96893,young
3192,SRB,99.26991,young
3193,SRB,99.72468,young
3194,SYC,98.46446990966801,young
3195,SYC,99.138427734375,young
3196,SYC,99.37438,young
3197,SYC,99.38308,young
3198,SLE,37.35752,young
3199,SLE,50.85709,young
3200,SGP,96.15953826904301,young
3201,SGP,99.08435821533199,young
3202,SGP,99.60451,young
3203,SGP,99.76666999999999,young
3204,SGP,99.88059,young
3205,SGP,99.89296,young
3206,SGP,99.90101,young
3207,SGP,99.90389,young
3208,SGP,99.83811999999999,young
3209,SGP,99.94051,young
3210,SVN,99.7790069580078,young
3211,ZAF,84.973258972168,young
3212,ZAF,94.28854370117192,young
3213,ZAF,98.09210999999999,young
3214,ZAF,98.8174,young
3215,ZAF,98.90137,young
3216,ZAF,99.15214,young
3217,ZAF,99.27071,young
3218,ZAF,99.08436999999999,young
3219,ZAF,99.22904,young
3220,SSD,29.57762,young
3221,ESP,98.642578125,young
3222,ESP,99.5696792602539,young
3223,ESP,99.53496,young
3224,ESP,99.50209,young
3225,ESP,99.55811,young
3226,ESP,99.60261,young
3227,ESP,99.55731999999999,young
3228,ESP,99.68636,young
3229,ESP,99.74597,young
3230,ESP,99.70572,young
3231,ESP,99.64289000000001,young
3232,ESP,99.68681,young
3233,ESP,99.69419,young
3234,ESP,99.60606,young
3235,LKA,90.19226837158199,young
3236,LKA,96.12111,young
3237,LKA,97.93921,young
3238,LKA,98.5861,young
3239,LKA,98.58896999999999,young
3240,SDN,72.33138000000001,young
3241,SDN,62.71716,young
3242,SUR,94.13904000000001,young
3243,SUR,99.45978000000001,young
3244,SUR,98.80215,young
3245,SUR,97.25966,young
3246,SYR,59.01689147949221,young
3247,SYR,92.96355,young
3248,SYR,90.21858,young
3249,TJK,99.6712493896484,young
3250,TJK,99.84971999999999,young
3251,TZA,77.8661727905273,young
3252,TZA,76.20201999999999,young
3253,TZA,72.771,young
3254,TZA,84.84801999999999,young
3255,TZA,84.6408,young
3256,THA,96.1722030639648,young
3257,THA,97.84793,young
3258,THA,97.87893000000001,young
3259,THA,96.55204,young
3260,THA,98.65491,young
3261,THA,98.29299,young
3262,TLS,78.56844,young
3263,TGO,63.55485,young
3264,TGO,67.9237,young
3265,TGO,74.55535,young
3266,TGO,72.70812,young
3267,TGO,78.37085,young
3268,TON,99.796287536621,young
3269,TON,99.35449981689449,young
3270,TON,99.55504,young
3271,TON,99.51043,young
3272,TTO,99.24356079101558,young
3273,TTO,99.3000030517578,young
3274,TUN,62.523231506347706,young
3275,TUN,75.0359268188477,young
3276,TUN,92.2407,young
3277,TUN,94.72457,young
3278,TUN,95.78644,young
3279,TUN,96.09356,young
3280,TUN,96.31759,young
3281,TUN,95.71758,young
3282,TUN,95.80119,young
3283,TUR,68.2533493041992,young
3284,TUR,75.2379837036133,young
3285,TUR,85.96096801757808,young
3286,TUR,88.3857879638672,young
3287,TUR,93.29502,young
3288,TUR,93.96016,young
3289,TUR,94.11954,young
3290,TUR,94.28914,young
3291,TUR,96.57019,young
3292,TUR,97.19733000000001,young
3293,TUR,97.9363,young
3294,TUR,98.41265,young
3295,TUR,98.74206,young
3296,TUR,98.95092,young
3297,TUR,99.16708,young
3298,TKM,99.81292724609379,young
3299,UGA,63.1238288879395,young
3300,UGA,76.1791,young
3301,UGA,81.12965,young
3302,UGA,85.47146,young
3303,UGA,81.6542,young
3304,UKR,99.83452,young
3305,UKR,99.98272,young
3306,ARE,56.276969909668,young
3307,ARE,84.514289855957,young
3308,ARE,97.00174,young
3309,URY,98.8356475830078,young
3310,URY,98.9950790405273,young
3311,URY,99.01730346679692,young
3312,URY,99.11466,young
3313,URY,99.01907,young
3314,URY,99.3203,young
3315,URY,99.2278,young
3316,URY,99.22541,young
3317,URY,99.12098,young
3318,URY,99.29778,young
3319,URY,99.31015,young
3320,URY,99.39062,young
3321,URY,99.22868000000001,young
3322,UZB,99.89448,young
3323,UZB,100,young
3324,UZB,100,young
3325,UZB,100,young
3326,VUT,67.6440582275391,young
3327,VUT,85.16844177246091,young
3328,VEN,93.8853073120117,young
3329,VEN,96.35971069335942,young
3330,VEN,98.06629000000001,young
3331,VEN,98.8361,young
3332,VEN,98.80499,young
3333,VEN,98.23637,young
3334,VEN,99.31739,young
3335,VEN,99.09258,young
3336,VNM,94.02294158935551,young
3337,VNM,93.4022216796875,young
3338,VNM,93.82261,young
3339,VNM,94.05552,young
3340,VNM,96.78113,young
3341,YEM,35.3777313232422,young
3342,ZMB,65.5243682861328,young
3343,ZMB,66.22681,young
3344,ZMB,66.31098,young
3345,ZMB,58.47755,young
3346,ZMB,86.50945,young
3347,ZWE,84.81224060058591,young
3348,ZWE,94.3534393310547,young
3349,ZWE,92.12456,young
3350,ZWE,93.18835,young
