report_id,country_code,rate,gender
1,AFG,30.3077507,male
2,AFG,45.417099,male
3,AFG,52.06343079,male
4,ALB,99.18760681,male
5,ALB,97.30619812,male
6,ALB,98.00816345,male
7,ALB,98.35260773,male
8,ALB,98.51361847,male
9,DZA,63.37742996,male
10,DZA,79.18669128,male
11,DZA,81.28404236,male
12,DZA,82.6158371,male
13,DZA,87.42295837,male
14,ASM,97.46996307,male
15,AGO,82.91986847,male
16,AGO,79.97415161,male
17,ATG,98.40000153,male
18,ATG,98.40000153,male
19,ATG,98.40000153,male
20,ARG,94.26338959,male
21,ARG,96.17405701,male
22,ARG,97.19319916,male
23,ARG,98.72718811,male
24,ARG,98.96272278,male
25,ARG,98.98532104,male
26,ARG,99.22830963,male
27,ARG,99.11112976,male
28,ARG,99.15602875,male
29,ARG,99.06124878,male
30,ARG,99.14824677,male
31,ARG,99.1049881,male
32,ARG,98.93773651,male
33,ARM,99.40384674,male
34,ARM,99.67223358,male
35,ARM,99.80608368,male
36,ARM,99.80549622,male
37,ARM,99.84332275,male
38,ABW,97.53739929,male
39,ABW,96.94052887,male
40,ABW,97.80013275,male
41,AZE,99.47241974,male
42,AZE,99.82096863,male
43,AZE,99.84266663,male
44,AZE,99.85443878,male
45,AZE,99.85665894,male
46,AZE,99.85285187,male
47,AZE,99.86592102,male
48,AZE,99.86200714,male
49,AZE,99.86263275,male
50,AZE,99.86405182,male
51,AZE,99.86374664,male
52,AZE,99.86824036,male
53,BHR,76.51837158,male
54,BHR,88.53736877,male
55,BHR,88.55410767,male
56,BHR,92.14543915,male
57,BGD,39.7322998,male
58,BGD,44.31428146,male
59,BGD,53.89609146,male
60,BGD,49.8323288,male
61,BGD,62.48305893,male
62,BGD,61.54286957,male
63,BGD,64.21376801,male
64,BGD,64.36508942,male
65,BGD,68.05535889,male
66,BGD,75.61885071,male
67,BGD,75.70236206,male
68,BGD,76.66925812,male
69,BGD,77.44149017,male
70,BGD,77.81671143,male
71,BRB,99.28723145,male
72,BRB,99.59999847,male
73,BRB,99.59999847,male
74,BRB,99.59999847,male
75,BRB,99.59999847,male
76,BLR,99.38417816,male
77,BLR,99.79210663,male
78,BLR,99.76368713,male
79,BLR,99.87095642,male
80,BLZ,70.26876831,male
81,BLZ,76.68373108,male
82,BEN,25.19005966,male
83,BEN,39.90332031,male
84,BEN,47.86595917,male
85,BEN,40.61616898,male
86,BEN,44.96025848,male
87,BEN,53.97703171,male
88,BTN,65.0477829,male
89,BTN,66.00305939,male
90,BTN,75.01985168,male
91,BOL,75.84288788,male
92,BOL,88.15558624,male
93,BOL,93.05747223,male
94,BOL,96.03626251,male
95,BOL,94.95542908,male
96,BOL,95.80364227,male
97,BOL,96.60105133,male
98,BOL,97.10704803,male
99,BOL,96.52275085,male
100,BIH,96.30541992,male
101,BIH,99.03370667,male
102,BIH,99.54132843,male
103,BIH,99.17627716,male
104,BWA,65.38694,male
105,BWA,80.43010712,male
106,BWA,86.12213898,male
107,BRA,76.37735748,male
108,BRA,86.22798157,male
109,BRA,88.40946198,male
110,BRA,89.35324097,male
111,BRA,89.7721405,male
112,BRA,89.83786774,male
113,BRA,90.17484283,male
114,BRA,90.05618286,male
115,BRA,91.16898346,male
116,BRA,91.02567291,male
117,BRA,91.17796326,male
118,BRA,91.36676788,male
119,BRA,91.72515869,male
120,BRA,92.57515717,male
121,BRA,92.8915329,male
122,BRA,93.00904083,male
123,BRN,85.1368103,male
124,BRN,92.45218658,male
125,BRN,95.15042114,male
126,BRN,97.42816162,male
127,BRN,98.05361938,male
128,BGR,98.73660278,male
129,BGR,98.74723053,male
130,BFA,14.52849007,male
131,BFA,19.62612915,male
132,BFA,18.51778984,male
133,BFA,29.36199951,male
134,BFA,31.37454987,male
135,BFA,29.71435928,male
136,BFA,36.57479858,male
137,BFA,44.37945175,male
138,BFA,49.17272949,male
139,BDI,34.26271057,male
140,BDI,48.23625183,male
141,BDI,67.30693054,male
142,BDI,53.12839127,male
143,BDI,69.58728027,male
144,BDI,76.29605103,male
145,KHM,79.48217773,male
146,KHM,84.68000793,male
147,KHM,84.98745728,male
148,KHM,83.93267822,male
149,KHM,84.81414795,male
150,KHM,86.53244019,male
151,CMR,54.62984848,male
152,CMR,79.19451904,male
153,CMR,78.9499588,male
154,CMR,78.32769012,male
155,CMR,82.6280365,male
156,CPV,74.75926971,male
157,CPV,83.83760834,male
158,CPV,90.47450256,male
159,CPV,91.69143677,male
160,CYM,98.72238922,male
161,CAF,29.5929203,male
162,CAF,48.02030182,male
163,CAF,66.78952789,male
164,CAF,50.71271133,male
165,CAF,49.51459122,male
166,TCD,18.26059914,male
167,TCD,40.8270607,male
168,TCD,39.3682518,male
169,TCD,38.91820145,male
170,TCD,31.32879066,male
171,CHL,91.48053741,male
172,CHL,94.5630722,male
173,CHL,95.79640961,male
174,CHL,97.70249939,male
175,CHL,97.88935852,male
176,CHL,96.89878082,male
177,CHL,96.38800812,male
178,CHL,97.02468872,male
179,CHL,96.48062897,male
180,CHN,79.19178009,male
181,CHN,87.02497864,male
182,CHN,95.13524628,male
183,CHN,97.47946167,male
184,CHN,98.46653748,male
185,COL,90.97265625,male
186,COL,91.0891037,male
187,COL,92.9041214,male
188,COL,92.77794647,male
189,COL,92.39279938,male
190,COL,92.42970276,male
191,COL,93.31687927,male
192,COL,93.06253815,male
193,COL,93.25019073,male
194,COL,93.48825836,male
195,COL,93.86740112,male
196,COL,94.06317139,male
197,COL,94.40228271,male
198,COL,94.85182953,male
199,COL,95.01589203,male
200,COL,95.38252258,male
201,COM,55.97703934,male
202,COM,74.51403809,male
203,COM,56.47980118,male
204,COM,64.64420319,male
205,COG,71.32911682,male
206,COG,86.04982758,male
207,COG,86.43431091,male
208,COG,86.07650757,male
209,CRI,92.68213654,male
210,CRI,94.650177,male
211,CRI,97.30632782,male
212,CRI,97.80235291,male
213,CIV,44.36354065,male
214,CIV,43.94641876,male
215,CIV,60.86066055,male
216,CIV,51.59267044,male
217,CIV,50.70190048,male
218,CIV,93.14134979,male
219,HRV,98.75705719,male
220,HRV,99.32058716,male
221,HRV,99.62970734,male
222,CUB,99.80731201,male
223,CUB,99.70606232,male
224,CYP,97.83058929,male
225,CYP,98.63104248,male
226,CYP,99.28614807,male
227,COD,80.92324066,male
228,COD,76.91568756,male
229,COD,87.90838623,male
230,COD,88.52468872,male
231,DOM,73.59024811,male
232,DOM,86.8110199,male
233,DOM,88.21015167,male
234,DOM,89.37703705,male
235,DOM,89.98500824,male
236,DOM,90.08482361,male
237,DOM,90.45812988,male
238,DOM,91.37159729,male
239,DOM,91.65071106,male
240,DOM,93.79360199,male
241,ECU,86.78697205,male
242,ECU,90.49677277,male
243,ECU,92.32713318,male
244,ECU,93.3891983,male
245,ECU,93.74945068,male
246,ECU,93.66378021,male
247,ECU,93.31687164,male
248,ECU,93.05252075,male
249,ECU,93.25424194,male
250,ECU,94.42572784,male
251,ECU,95.25717163,male
252,ECU,95.72621918,male
253,ECU,95.44502258,male
254,ECU,93.77906036,male
255,ECU,94.81250763,male
256,EGY,53.6151886,male
257,EGY,56.97615814,male
258,EGY,67.15177917,male
259,EGY,77.91013336,male
260,EGY,74.62180328,male
261,EGY,80.26864624,male
262,EGY,81.67922211,male
263,EGY,81.69406128,male
264,EGY,76.49521637,male
265,SLV,77.37241364,male
266,SLV,86.69534302,male
267,SLV,84.86406708,male
268,SLV,87.05467987,male
269,SLV,86.82521057,male
270,SLV,87.09970093,male
271,SLV,88.39164734,male
272,SLV,89.23500824,male
273,SLV,90.0099411,male
274,SLV,90.29927063,male
275,SLV,90.63137817,male
276,SLV,91.1023407,male
277,SLV,91.30619812,male
278,GNQ,94.84261322,male
279,GNQ,97.18399811,male
280,ERI,65.39012146,male
281,ERI,75.07241058,male
282,ERI,84.37323761,male
283,EST,99.87597656,male
284,EST,99.77594757,male
285,EST,99.85897827,male
286,SWZ,57.38439178,male
287,SWZ,69.68347168,male
288,SWZ,83.15461731,male
289,SWZ,83.90014648,male
290,SWZ,88.2875824,male
291,ETH,35.98252869,male
292,ETH,50,male
293,ETH,41.9366188,male
294,ETH,49.13465881,male
295,ETH,59.24145889,male
296,GAB,79.44418335,male
297,GAB,84.87329865,male
298,GAB,85.85234833,male
299,GMB,48.98115158,male
300,GMB,51.41804123,male
301,GMB,61.76725006,male
302,GEO,99.76898193,male
303,GEO,99.66821289,male
304,GEO,99.43752289,male
305,GEO,99.68112183,male
306,GHA,66.35128021,male
307,GHA,78.34890747,male
308,GHA,83.52458191,male
309,GRC,96.063797,male
310,GRC,96.03746033,male
311,GRC,97.81121826,male
312,GRC,95.45005798,male
313,GRC,96.15756989,male
314,GRC,96.06622314,male
315,GRC,98.2821579,male
316,GRC,98.50704956,male
317,GRD,98.04715729,male
318,GRD,98.58000183,male
319,GRD,98.58000183,male
320,GRD,98.58000183,male
321,GRD,98.58000183,male
322,GUM,96.38265991,male
323,GUM,99.41710663,male
324,GTM,71.70639038,male
325,GTM,75.41558075,male
326,GTM,84.84873199,male
327,GTM,82.72068024,male
328,GTM,86.75615692,male
329,GTM,85.34117889,male
330,GIN,32.89533997,male
331,GIN,42.9031601,male
332,GIN,36.78979111,male
333,GIN,43.64009094,male
334,GIN,54.43117142,male
335,GNB,33.34894943,male
336,GNB,57.61375046,male
337,GNB,62.15797043,male
338,GUY,82.43656158,male
339,GUY,86.31437683,male
340,HTI,37.12974167,male
341,HTI,63.09001923,male
342,HTI,53.35504913,male
343,HTI,65.27764893,male
344,HND,79.78523254,male
345,HND,83.74603271,male
346,HND,84.78900909,male
347,HND,85.34127808,male
348,HND,85.69619751,male
349,HND,85.66837311,male
350,HND,87.39595032,male
351,HND,87.92208099,male
352,HND,89.04894257,male
353,HND,87.13764191,male
354,HND,88.24963379,male
355,HUN,99.30319214,male
356,HUN,99.16000366,male
357,IND,54.84101868,male
358,IND,61.64191818,male
359,IND,73.4118576,male
360,IND,75.19190216,male
361,IND,78.87722778,male
362,IND,82.36670685,male
363,IDN,77.47499847,male
364,IDN,88.02452087,male
365,IDN,94.03507996,male
366,IDN,95.15853882,male
367,IDN,95.38318634,male
368,IDN,95.6470108,male
369,IDN,95.59108734,male
370,IDN,96.791008,male
371,IDN,97.10652161,male
372,IDN,97.17443848,male
373,IDN,97.33133698,male
374,IDN,97.4493103,male
375,IRN,48.18333054,male
376,IRN,63.09954834,male
377,IRN,74.27448273,male
378,IRN,79.87161255,male
379,IRN,83.5,male
380,IRN,88.01032257,male
381,IRN,87.27218628,male
382,IRN,88.17703247,male
383,IRN,88.87982178,male
384,IRN,89.54248047,male
385,IRN,89.63542175,male
386,IRN,90.35240936,male
387,IRQ,84.08740997,male
388,IRQ,85.90000153,male
389,IRQ,81.40000153,male
390,IRQ,90,male
391,IRQ,90,male
392,IRQ,91.19999695,male
393,ISR,94.96340179,male
394,ITA,97.46465302,male
395,ITA,98.82369232,male
396,ITA,99.14100647,male
397,ITA,99.35344696,male
398,JAM,74.08184052,male
399,JAM,83.44000244,male
400,JOR,80.48261261,male
401,JOR,95.08450317,male
402,JOR,95.17645264,male
403,JOR,95.49455261,male
404,JOR,95.76724243,male
405,JOR,97.74835968,male
406,JOR,98.44455719,male
407,JOR,98.61421204,male
408,KAZ,99.07195282,male
409,KAZ,99.76329803,male
410,KAZ,99.78624725,male
411,KAZ,99.8296814,male
412,KAZ,99.8296814,male
413,KEN,87.49465942,male
414,KEN,78.07914734,male
415,KEN,83.7780304,male
416,KEN,84.98883057,male
417,KWT,68.02863312,male
418,KWT,72.78765106,male
419,KWT,78.19730377,male
420,KWT,81.12094879,male
421,KWT,94.44603729,male
422,KWT,94.52522278,male
423,KWT,94.79457855,male
424,KWT,95.01587677,male
425,KWT,95.54531097,male
426,KWT,95.83972168,male
427,KWT,96.35418701,male
428,KWT,96.39225006,male
429,KWT,96.69714355,male
430,KWT,96.66645813,male
431,KWT,97.05384827,male
432,KGZ,99.30670929,male
433,KGZ,99.5187912,male
434,KGZ,99.67700958,male
435,LAO,73.48625183,male
436,LAO,81.36018372,male
437,LAO,77.00605774,male
438,LAO,82.45175171,male
439,LAO,67.35858154,male
440,LAO,89.96128082,male
441,LVA,99.7543335,male
442,LVA,99.79334259,male
443,LVA,99.88110352,male
444,LVA,99.86837006,male
445,LBN,93.37893677,male
446,LBN,94.27194977,male
447,LBN,96.85466003,male
448,LSO,79.99578094,male
449,LSO,65.5219574,male
450,LSO,67.74746704,male
451,LBR,44.87931824,male
452,LBR,60.77481079,male
453,LBR,62.69655991,male
454,LBY,76.99263,male
455,LBY,87.72000122,male
456,LBY,93.84999847,male
457,LTU,99.20681,male
458,LTU,99.64315033,male
459,LTU,99.79418945,male
460,MAC,92.80967712,male
461,MAC,95.27620697,male
462,MAC,96.46999359,male
463,MAC,97.75128937,male
464,MAC,98.18592072,male
465,MDG,76.53832245,male
466,MDG,63.34706879,male
467,MDG,67.41731262,male
468,MDG,75.02886963,male
469,MDG,78.37828064,male
470,MWI,65.27950287,male
471,MWI,74.92640686,male
472,MWI,72.09764862,male
473,MWI,75.97926331,male
474,MWI,69.75396729,male
475,MYS,78.14633179,male
476,MYS,88.56298828,male
477,MYS,91.96923828,male
478,MYS,95.43374634,male
479,MYS,96.29699707,male
480,MYS,96.49912262,male
481,MYS,96.12304688,male
482,MYS,96.21800232,male
483,MDV,82.40484619,male
484,MDV,92.11401367,male
485,MDV,95.89713287,male
486,MDV,96.21227264,male
487,MDV,98.36569214,male
488,MDV,98.52033997,male
489,MDV,97.29892731,male
490,MLI,13.51292038,male
491,MLI,26.73296928,male
492,MLI,32.70000076,male
493,MLI,34.85789108,male
494,MLI,43.40063095,male
495,MLI,43.52046967,male
496,MLI,45.06592178,male
497,MLI,46.18413925,male
498,MLI,40.43405151,male
499,MLT,86.55354309,male
500,MLT,86.43028259,male
501,MLT,91.18657684,male
502,MLT,91.79264832,male
503,MLT,93.00997162,male
504,MHL,98.3250885,male
505,MRT,59.54032898,male
506,MRT,57.4043808,male
507,MRT,67.95720673,male
508,MRT,63.74855042,male
509,MUS,85.14575195,male
510,MUS,88.2278595,male
511,MUS,91.95172119,male
512,MUS,94.65241241,male
513,MUS,94.03688812,male
514,MUS,94.76538086,male
515,MUS,94.86116791,male
516,MUS,95.43585968,male
517,MUS,93.35735321,male
518,MEX,86.24265289,male
519,MEX,90.34739685,male
520,MEX,92.55937195,male
521,MEX,91.99780273,male
522,MEX,92.44960785,male
523,MEX,93.1904068,male
524,MEX,93.90119934,male
525,MEX,94.44151306,male
526,MEX,94.59216309,male
527,MEX,94.91657257,male
528,MEX,94.38394165,male
529,MEX,94.78276825,male
530,MEX,95.39163208,male
531,MEX,95.11210632,male
532,MEX,95.62046814,male
533,MEX,95.54933167,male
534,MEX,95.84481812,male
535,MEX,95.87236786,male
536,MEX,96.23290253,male
537,MEX,96.05874634,male
538,MDA,98.61405182,male
539,MDA,97.97762299,male
540,MDA,99.60201263,male
541,MNG,98.01677704,male
542,MNG,98.17469788,male
543,MNG,98.18601227,male
544,MNG,99.12138367,male
545,MNE,96.32053375,male
546,MNE,89.28208923,male
547,MNE,99.30319214,male
548,MNE,99.43121338,male
549,MNE,99.45046997,male
550,MAR,43.7143898,male
551,MAR,55.15517044,male
552,MAR,65.70675659,male
553,MAR,68.36585999,male
554,MAR,68.9176178,male
555,MAR,76.07357788,male
556,MAR,80.38336182,male
557,MAR,75.36726379,male
558,MAR,83.30135345,male
559,MOZ,43.77833176,male
560,MOZ,54.81887817,male
561,MOZ,65.57710266,male
562,MOZ,67.35469818,male
563,MOZ,70.75839233,male
564,MOZ,72.59944916,male
565,MMR,85.7883606,male
566,MMR,93.924263,male
567,MMR,80.01158905,male
568,MMR,92.39292908,male
569,NAM,77.80812073,male
570,NAM,86.55522919,male
571,NAM,74.32834625,male
572,NAM,88.63123322,male
573,NAM,91.62741852,male
574,NPL,31.67275047,male
575,NPL,49.22002029,male
576,NPL,62.70801163,male
577,NPL,71.70838165,male
578,NPL,78.59133911,male
579,NCL,92.19094086,male
580,NCL,94.04418945,male
581,NCL,96.78476715,male
582,NCL,98.13999939,male
583,NIC,76.76049042,male
584,NIC,78.09642792,male
585,NIC,82.43855286,male
586,NER,19.64006042,male
587,NER,42.92736816,male
588,NER,39.05868912,male
589,NER,43.59405899,male
590,NGA,67.65373993,male
591,NGA,66.76743317,male
592,NGA,76.13186646,male
593,NGA,61.25405121,male
594,NGA,71.25570679,male
595,PRK,99.99887848,male
596,MKD,97.23235321,male
597,MKD,98.21278381,male
598,MKD,98.80999756,male
599,MKD,99.11786652,male
600,OMN,86.86234283,male
601,OMN,89.99932098,male
602,OMN,90.24302673,male
603,OMN,94.99073792,male
604,OMN,96.63287354,male
605,OMN,96.63082886,male
606,OMN,97.02387238,male
607,OMN,96.98941803,male
608,PAK,35.38064957,male
609,PAK,55.29661179,male
610,PAK,64.06047821,male
611,PAK,67.65184021,male
612,PAK,65.00493622,male
613,PAK,68.8660965,male
614,PAK,68.62761688,male
615,PAK,68.90061188,male
616,PAK,66.99114227,male
617,PAK,69.85822296,male
618,PAK,68.62934113,male
619,PAK,69.06681061,male
620,PAK,71.11599731,male
621,PAK,69.27658081,male
622,PAK,69.28746033,male
623,PLW,93.2873764,male
624,PLW,99.46720886,male
625,PLW,96.81275177,male
626,PSE,92.24852753,male
627,PSE,96.07893372,male
628,PSE,97.08058929,male
629,PSE,97.10471344,male
630,PSE,97.20130157,male
631,PSE,97.31667328,male
632,PSE,97.52520752,male
633,PSE,97.74404907,male
634,PSE,98.06757355,male
635,PSE,98.26705933,male
636,PSE,98.27913666,male
637,PSE,98.37687683,male
638,PSE,98.50679016,male
639,PSE,98.52600861,male
640,PSE,98.65782166,male
641,PSE,98.80442047,male
642,PSE,98.79380035,male
643,PAN,88.09651947,male
644,PAN,89.33695984,male
645,PAN,92.54792786,male
646,PAN,94.70741272,male
647,PAN,95.96893311,male
648,PAN,96.14089966,male
649,PNG,63.44522095,male
650,PNG,65.29000092,male
651,PRY,81.08306885,male
652,PRY,92.00015259,male
653,PRY,95.71237946,male
654,PRY,94.12631989,male
655,PRY,94.36772919,male
656,PRY,94.8131485,male
657,PRY,94.81725311,male
658,PRY,95.6661911,male
659,PRY,95.87412262,male
660,PRY,96.25430298,male
661,PRY,95.47605896,male
662,PRY,94.51148224,male
663,PRY,93.78816986,male
664,PRY,94.92147064,male
665,PER,90.1435318,male
666,PER,92.85101318,male
667,PER,93.46070099,male
668,PER,93.7183075,male
669,PER,94.22582245,male
670,PER,94.85703278,male
671,PER,96.95012665,male
672,PER,96.94898224,male
673,PER,97.10637665,male
674,PER,97.1884613,male
675,PER,97.03974152,male
676,PER,97.12136841,male
677,PER,96.98989105,male
678,PHL,83.88928986,male
679,PHL,93.97168732,male
680,PHL,93.30285645,male
681,PHL,92.54499817,male
682,PHL,91.63449097,male
683,PHL,95.01213074,male
684,PHL,96.00833893,male
685,PHL,98.12325287,male
686,PHL,95.70572662,male
687,POL,99.27516937,male
688,POL,99.27516937,male
689,POL,99.27516937,male
690,POL,99.27516937,male
691,PRT,84.83334351,male
692,PRT,91.58705902,male
693,PRT,96.2855835,male
694,PRT,97.35362244,male
695,PRI,87.74803162,male
696,PRI,89.50269318,male
697,PRI,91.33078003,male
698,PRI,92.38996124,male
699,QAT,76.79582977,male
700,QAT,84.24456024,male
701,QAT,86.73982239,male
702,QAT,89.95789337,male
703,QAT,91.43579102,male
704,QAT,91.36682129,male
705,QAT,91.74861908,male
706,QAT,91.65413666,male
707,QAT,89.9982605,male
708,QAT,90.34342957,male
709,QAT,91.04651642,male
710,QAT,92.88156128,male
711,QAT,93.14446259,male
712,ROU,98.53202057,male
713,ROU,98.40440369,male
714,ROU,99.0342865,male
715,ROU,99.10800934,male
716,RUS,99.45623779,male
717,RUS,99.69407654,male
718,RUS,99.72830963,male
719,RUS,99.72515869,male
720,RWA,50.82326126,male
721,RWA,71.41938019,male
722,RWA,71.13053894,male
723,RWA,72.4451828,male
724,RWA,76.14972687,male
725,RWA,77.55879974,male
726,WSM,98.41568756,male
727,WSM,98.88191986,male
728,WSM,98.95609283,male
729,STP,73.14115143,male
730,STP,85.24964142,male
731,STP,92.23467255,male
732,STP,80.33023834,male
733,STP,94.95616913,male
734,STP,96.16268158,male
735,SAU,79.96852875,male
736,SAU,87.06076813,male
737,SAU,87.53204346,male
738,SAU,96.53143311,male
739,SAU,97.10370636,male
740,SAU,98.62293243,male
741,SEN,36.90288162,male
742,SEN,51.05152893,male
743,SEN,52.25848007,male
744,SEN,59.78427124,male
745,SEN,66.03601074,male
746,SEN,53.9004097,male
747,SEN,64.81227875,male
748,SRB,98.90718079,male
749,SRB,99.26464081,male
750,SRB,99.49970245,male
751,SRB,99.87580872,male
752,SYC,82.93166351,male
753,SYC,87.01515961,male
754,SYC,91.40731812,male
755,SYC,93.46392059,male
756,SYC,95.41175842,male
757,SLE,46.65428925,male
758,SLE,41.33216858,male
759,SLE,51.6468811,male
760,SGP,91.56623077,male
761,SGP,95.09316254,male
762,SGP,96.56510162,male
763,SGP,98.03713989,male
764,SGP,98.39283752,male
765,SGP,98.46945953,male
766,SGP,98.5425415,male
767,SGP,98.60901642,male
768,SGP,98.55957031,male
769,SGP,98.73446655,male
770,SGP,98.79692078,male
771,SGP,98.85089874,male
772,SGP,98.90351868,male
773,SVN,99.60208893,male
774,SVN,99.69000244,male
775,SVN,99.69000244,male
776,SLB,83.69999695,male
777,SLB,83.69999695,male
778,SOM,7.198440075,male
779,ZAF,77.52559662,male
780,ZAF,84.07138062,male
781,ZAF,90.71759033,male
782,ZAF,94.12145996,male
783,ZAF,94.14385223,male
784,ZAF,94.24508667,male
785,ZAF,94.96372223,male
786,ZAF,95.28684998,male
787,ZAF,95.39653015,male
788,ZAF,87.67774963,male
789,ZAF,95.54537201,male
790,KOR,98.31552124,male
791,SSD,34.83692932,male
792,SSD,40.26480865,male
793,ESP,95.8975296,male
794,ESP,98.03549194,male
795,ESP,98.14391327,male
796,ESP,98.61746979,male
797,ESP,98.56102753,male
798,ESP,98.633461,male
799,ESP,98.40229797,male
800,ESP,98.46193695,male
801,ESP,98.52571106,male
802,ESP,98.53618622,male
803,ESP,98.60652924,male
804,ESP,98.74874878,male
805,ESP,98.73126984,male
806,ESP,98.77088928,male
807,ESP,98.83596802,male
808,ESP,98.92539215,male
809,ESP,99.02506256,male
810,LKA,91.3483963,male
811,LKA,92.27020264,male
812,LKA,92.71365356,male
813,LKA,92.243927,male
814,LKA,92.57846832,male
815,LKA,93.45588684,male
816,LKA,92.98055267,male
817,LKA,92.77292633,male
818,LKA,93.03135681,male
819,SDN,71.58101654,male
820,SDN,59.79824829,male
821,SDN,65.43515015,male
822,SUR,92.0163269,male
823,SUR,95.49294281,male
824,SUR,95.36479187,male
825,SUR,94.86987305,male
826,SUR,96.07404327,male
827,SYR,73.58422089,male
828,SYR,91.02857208,male
829,SYR,87.75814056,male
830,TJK,98.79109192,male
831,TJK,99.68399048,male
832,TJK,99.81999969,male
833,TZA,71.3657074,male
834,TZA,77.50640106,male
835,TZA,75.46779633,male
836,TZA,83.37769318,male
837,TZA,83.20484924,male
838,THA,92.21295929,male
839,THA,94.90157318,male
840,THA,95.60024261,male
841,THA,96.43502045,male
842,THA,95.25125885,male
843,THA,94.65911865,male
844,THA,95.20239258,male
845,TLS,45.29999924,male
846,TLS,58.5,male
847,TLS,63.59178925,male
848,TLS,71.86872101,male
849,TGO,68.72573853,male
850,TGO,70.2702713,male
851,TGO,71.16635132,male
852,TGO,74.05682373,male
853,TGO,77.25942993,male
854,TGO,79.99169159,male
855,TON,99.65866089,male
856,TON,98.83406067,male
857,TON,98.95388031,male
858,TON,99.33509827,male
859,TON,99.35098267,male
860,TTO,96.52153015,male
861,TTO,98.00980377,male
862,TTO,98.75,male
863,TTO,99.13999939,male
864,TUN,60.40723038,male
865,TUN,83.38509369,male
866,TUN,86.05368042,male
867,TUN,86.37580872,male
868,TUN,87.37573242,male
869,TUN,87.76075745,male
870,TUN,88.47577667,male
871,TUN,86.06011963,male
872,TUR,77.50393677,male
873,TUR,81.44944,male
874,TUR,87.61972046,male
875,TUR,89.84703064,male
876,TUR,95.27349091,male
877,TUR,96.00061798,male
878,TUR,95.99562073,male
879,TUR,96.20185852,male
880,TUR,96.37770844,male
881,TUR,97.29981232,male
882,TUR,97.93498993,male
883,TUR,98.26290131,male
884,TUR,98.40136719,male
885,TUR,98.49678802,male
886,TUR,98.57562256,male
887,TUR,98.77583313,male
888,TUR,98.81996155,male
889,TUR,99.07530975,male
890,TKM,99.32498169,male
891,TKM,99.75,male
892,UGA,68.1980896,male
893,UGA,78.30402374,male
894,UGA,81.38858795,male
895,UGA,82.63139343,male
896,UGA,79.12303925,male
897,UGA,82.65601349,male
898,UKR,99.74343109,male
899,UKR,99.99394226,male
900,ARE,58.3861084,male
901,ARE,72.27427673,male
902,ARE,89.48210144,male
903,ARE,98.02413177,male
904,URY,93.38825989,male
905,URY,94.83361053,male
906,URY,96.24452972,male
907,URY,97.44477844,male
908,URY,97.42169189,male
909,URY,97.83128357,male
910,URY,97.97241974,male
911,URY,97.61016846,male
912,URY,98.02310944,male
913,URY,98.10397339,male
914,URY,98.06342316,male
915,URY,98.02507019,male
916,URY,98.1459198,male
917,URY,98.24452972,male
918,URY,98.23419189,male
919,URY,98.37136078,male
920,URY,98.4809494,male
921,UZB,99.16443634,male
922,UZB,99.99382782,male
923,UZB,99.98519135,male
924,UZB,99.99204254,male
925,UZB,99.99487305,male
926,UZB,99.99997711,male
927,UZB,99.99994659,male
928,VUT,57.33509827,male
929,VUT,62.31000137,male
930,VUT,71.76999664,male
931,VUT,80.48000336,male
932,VUT,86.18000031,male
933,VUT,88.30635071,male
934,VEN,86.48932648,male
935,VEN,90.6725235,male
936,VEN,93.25744629,male
937,VEN,95.38172913,male
938,VEN,95.67536926,male
939,VEN,94.50231934,male
940,VEN,96.65107727,male
941,VEN,97.03910828,male
942,VNM,90.38147736,male
943,VNM,93.00299072,male
944,VNM,93.91825867,male
945,VNM,93.93267822,male
946,VNM,95.78533173,male
947,VNM,96.99069977,male
948,YEM,56.72475052,male
949,YEM,73.16000366,male
950,ZMB,73.037323,male
951,ZMB,76.25402069,male
952,ZMB,80.91285706,male
953,ZMB,71.31761932,male
954,ZMB,88.68402863,male
955,ZMB,90.60118103,male
956,ZWE,84.17462921,male
957,ZWE,88.89337921,male
958,ZWE,87.76480865,male
959,ZWE,89.1853714,male
960,AFG,4.987460136413574,female
961,AFG,17.017839431762695,female
962,AFG,22.600780487060547,female
963,ALB,98.25227355957031,female
964,ALB,94.68180847167969,female
965,ALB,95.69148254394531,female
966,ALB,96.13607025146484,female
967,ALB,97.76112365722656,female
968,DZA,35.83992004394531,female
969,DZA,60.07508087158203,female
970,DZA,63.91878890991211,female
971,DZA,67.54875183105469,female
972,DZA,75.32296752929688,female
973,ASM,97.21990966796875,female
974,AGO,54.194488525390625,female
975,AGO,53.40721130371094,female
976,ATG,99.41999816894531,female
977,ATG,99.41999816894531,female
978,ATG,99.41999816894531,female
979,ARG,93.58088684082031,female
980,ARG,95.91699981689453,female
981,ARG,97.19341278076172,female
982,ARG,98.51077270507812,female
983,ARG,99.00176239013672,female
984,ARG,98.92807006835938,female
985,ARG,98.99983978271484,female
986,ARG,99.0999526977539,female
987,ARG,99.0912094116211,female
988,ARG,98.93282318115234,female
989,ARG,99.20877075195312,female
990,ARG,99.14309692382812,female
991,ARG,99.06204223632812,female
992,ARM,98.15013885498047,female
993,ARM,99.16107177734375,female
994,ARM,99.69035339355469,female
995,ARM,99.67716217041016,female
996,ARM,99.7445068359375,female
997,ABW,97.07135772705078,female
998,ABW,96.71977996826172,female
999,ABW,97.81268310546875,female
1000,AZE,98.1747817993164,female
1001,AZE,99.38394165039062,female
1002,AZE,99.6821517944336,female
1003,AZE,99.692626953125,female
1004,AZE,99.70496368408203,female
1005,AZE,99.7028579711914,female
1006,AZE,99.7168197631836,female
1007,AZE,99.71965789794922,female
1008,AZE,99.7171401977539,female
1009,AZE,99.71955108642578,female
1010,AZE,99.72199249267578,female
1011,AZE,99.72675323486328,female
1012,BHR,58.59109115600586,female
1013,BHR,76.93231964111328,female
1014,BHR,83.55741882324219,female
1015,BHR,89.01043701171875,female
1016,BGD,17.971630096435547,female
1017,BGD,25.838979721069336,female
1018,BGD,40.82334899902344,female
1019,BGD,43.740848541259766,female
1020,BGD,55.11943817138672,female
1021,BGD,54.23603820800781,female
1022,BGD,57.78900146484375,female
1023,BGD,57.860931396484375,female
1024,BGD,62.25299072265625,female
1025,BGD,69.89720916748047,female
1026,BGD,70.08570098876953,female
1027,BGD,71.18193817138672,female
1028,BGD,71.9483871459961,female
1029,BGD,72.0047836303711,female
1030,BRB,99.25155639648438,female
1031,BRB,99.5999984741211,female
1032,BRB,99.5999984741211,female
1033,BRB,99.5999984741211,female
1034,BRB,99.5999984741211,female
1035,BLR,96.62821960449219,female
1036,BLR,99.41972351074219,female
1037,BLR,99.49398803710938,female
1038,BLR,99.87651062011719,female
1039,BLZ,70.3283920288086,female
1040,BLZ,77.12272644042969,female
1041,BEN,9.538960456848145,female
1042,BEN,16.565120697021484,female
1043,BEN,23.300140380859375,female
1044,BEN,18.442909240722656,female
1045,BEN,22.09387969970703,female
1046,BEN,31.0716495513916,female
1047,BTN,38.680660247802734,female
1048,BTN,45.20450973510742,female
1049,BTN,57.0836181640625,female
1050,BOL,51.37464904785156,female
1051,BOL,72.31321716308594,female
1052,BOL,80.65438079833984,female
1053,BOL,85.9859390258789,female
1054,BOL,86.83174896240234,female
1055,BOL,86.82145690917969,female
1056,BOL,88.0802001953125,female
1057,BOL,91.8732681274414,female
1058,BOL,88.5828628540039,female
1059,BIH,81.9593276977539,female
1060,BIH,94.35993957519531,female
1061,BIH,96.8037109375,female
1062,BIH,94.91049194335938,female
1063,BWA,71.29924011230469,female
1064,BWA,81.80795288085938,female
1065,BWA,87.45121002197266,female
1066,BRA,72.8531494140625,female
1067,BRA,86.50005340576172,female
1068,BRA,88.8061294555664,female
1069,BRA,89.8555908203125,female
1070,BRA,90.22801208496094,female
1071,BRA,90.21955108642578,female
1072,BRA,90.41121673583984,female
1073,BRA,90.68170166015625,female
1074,BRA,91.63314819335938,female
1075,BRA,91.6249008178711,female
1076,BRA,91.76496124267578,female
1077,BRA,92.06051635742188,female
1078,BRA,92.34378814697266,female
1079,BRA,93.02120208740234,female
1080,BRA,93.24371337890625,female
1081,BRA,93.4250717163086,female
1082,BRN,68.84182739257812,female
1083,BRN,82.46135711669922,female
1084,BRN,90.16155242919922,female
1085,BRN,94.65248107910156,female
1086,BRN,96.30126190185547,female
1087,BGR,97.70648956298828,female
1088,BGR,97.98390197753906,female
1089,BFA,3.390589952468872,female
1090,BFA,8.22542953491211,female
1091,BFA,8.057979583740234,female
1092,BFA,15.188770294189453,female
1093,BFA,16.62224006652832,female
1094,BFA,16.29113006591797,female
1095,BFA,21.027219772338867,female
1096,BFA,26.22024917602539,female
1097,BFA,31.04408073425293,female
1098,BDI,11.983570098876953,female
1099,BDI,27.529300689697266,female
1100,BDI,52.23775863647461,female
1101,BDI,43.157188415527344,female
1102,BDI,54.641658782958984,female
1103,BDI,61.223690032958984,female
1104,KHM,56.99250030517578,female
1105,KHM,64.05098724365234,female
1106,KHM,69.58641052246094,female
1107,KHM,69.10901641845703,female
1108,KHM,71.78179931640625,female
1109,KHM,75.03386688232422,female
1110,CMR,29.116130828857422,female
1111,CMR,58.72175979614258,female
1112,CMR,63.02206039428711,female
1113,CMR,64.79949951171875,female
1114,CMR,71.58627319335938,female
1115,CPV,52.998619079589844,female
1116,CPV,69.4445571899414,female
1117,CPV,80.49622344970703,female
1118,CPV,82.04222106933594,female
1119,CYM,99.02147674560547,female
1120,CAF,8.399580001831055,female
1121,CAF,20.33687973022461,female
1122,CAF,35.29090118408203,female
1123,CAF,24.35548973083496,female
1124,CAF,25.756380081176758,female
1125,TCD,4.591829776763916,female
1126,TCD,12.796420097351074,female
1127,TCD,17.980579376220703,female
1128,TCD,13.933409690856934,female
1129,TCD,13.955229759216309,female
1130,CHL,90.80011749267578,female
1131,CHL,94.03671264648438,female
1132,CHL,95.64093017578125,female
1133,CHL,97.74205780029297,female
1134,CHL,97.40083312988281,female
1135,CHL,96.53070831298828,female
1136,CHL,96.16175079345703,female
1137,CHL,96.74395751953125,female
1138,CHL,96.33402252197266,female
1139,CHN,51.136810302734375,female
1140,CHN,68.07208251953125,female
1141,CHN,86.52660369873047,female
1142,CHN,92.71122741699219,female
1143,CHN,95.15933227539062,female
1144,COL,91.14790344238281,female
1145,COL,91.31400299072266,female
1146,COL,92.71463012695312,female
1147,COL,92.91124725341797,female
1148,COL,92.22059631347656,female
1149,COL,92.84561920166016,female
1150,COL,93.43537139892578,female
1151,COL,93.41513061523438,female
1152,COL,93.4867935180664,female
1153,COL,93.66712951660156,female
1154,COL,94.48465728759766,female
1155,COL,94.41581726074219,female
1156,COL,94.89022064208984,female
1157,COL,95.31891632080078,female
1158,COL,95.46903228759766,female
1159,COL,95.87506103515625,female
1160,COM,40.31761932373047,female
1161,COM,63.45901870727539,female
1162,COM,42.637290954589844,female
1163,COM,52.956390380859375,female
1164,COG,49.001338958740234,female
1165,COG,67.48076629638672,female
1166,COG,72.87705993652344,female
1167,COG,74.61875915527344,female
1168,CRI,92.57713317871094,female
1169,CRI,95.0807876586914,female
1170,CRI,97.50041198730469,female
1171,CRI,97.92443084716797,female
1172,CIV,23.433780670166016,female
1173,CIV,28.476669311523438,female
1174,CIV,38.61450958251953,female
1175,CIV,30.461719512939453,female
1176,CIV,36.78424835205078,female
1177,CIV,86.74124908447266,female
1178,HRV,94.81722259521484,female
1179,HRV,97.08390045166016,female
1180,HRV,98.66590881347656,female
1181,CUB,99.7909164428711,female
1182,CUB,99.79988098144531,female
1183,CYP,91.00177764892578,female
1184,CYP,95.07965850830078,female
1185,CYP,98.11622619628906,female
1186,COD,54.0609016418457,female
1187,COD,46.104251861572266,female
1188,COD,62.91864013671875,female
1189,COD,66.4999771118164,female
1190,DOM,72.53607940673828,female
1191,DOM,87.17709350585938,female
1192,DOM,88.27716827392578,female
1193,DOM,89.69730377197266,female
1194,DOM,90.22557067871094,female
1195,DOM,90.22416687011719,female
1196,DOM,91.2505111694336,female
1197,DOM,92.14778900146484,female
1198,DOM,92.32106018066406,female
1199,DOM,93.76412963867188,female
1200,ECU,80.40522766113281,female
1201,ECU,86.19332885742188,female
1202,ECU,89.69709014892578,female
1203,ECU,90.86557006835938,female
1204,ECU,91.12256622314453,female
1205,ECU,90.91754913330078,female
1206,ECU,90.47010803222656,female
1207,ECU,90.22081756591797,female
1208,ECU,90.9516830444336,female
1209,ECU,92.21807861328125,female
1210,ECU,93.25386047363281,female
1211,ECU,93.25662231445312,female
1212,ECU,93.31452941894531,female
1213,ECU,92.0866928100586,female
1214,ECU,92.49024200439453,female
1215,EGY,22.43800926208496,female
1216,EGY,31.392669677734375,female
1217,EGY,43.59531021118164,female
1218,EGY,56.121551513671875,female
1219,EGY,57.81190872192383,female
1220,EGY,63.51580810546875,female
1221,EGY,65.75666046142578,female
1222,EGY,62.70521926879883,female
1223,EGY,65.50569152832031,female
1224,SLV,71.28053283691406,female
1225,SLV,81.00382232666016,female
1226,SLV,79.6621322631836,female
1227,SLV,81.3594970703125,female
1228,SLV,81.81794738769531,female
1229,SLV,82.30802154541016,female
1230,SLV,83.01564025878906,female
1231,SLV,84.67034912109375,female
1232,SLV,86.21710205078125,female
1233,SLV,86.32642364501953,female
1234,SLV,86.67363739013672,female
1235,SLV,87.23413848876953,female
1236,SLV,87.31858825683594,female
1237,GNQ,81.62300109863281,female
1238,GNQ,90.67607879638672,female
1239,ERI,40.22441864013672,female
1240,ERI,54.80107116699219,female
1241,ERI,68.9461898803711,female
1242,EST,99.60147857666016,female
1243,EST,99.76006317138672,female
1244,EST,99.90947723388672,female
1245,SWZ,53.665958404541016,female
1246,SWZ,65.2228775024414,female
1247,SWZ,80.32875061035156,female
1248,SWZ,82.44754791259766,female
1249,SWZ,88.54268646240234,female
1250,ETH,18.51498031616211,female
1251,ETH,22.799999237060547,female
1252,ETH,17.97719955444336,female
1253,ETH,28.921640396118164,female
1254,ETH,44.42338180541992,female
1255,GAB,65.32630920410156,female
1256,GAB,79.87896728515625,female
1257,GAB,83.4239730834961,female
1258,GMB,25.06155014038086,female
1259,GMB,33.57535171508789,female
1260,GMB,41.57701873779297,female
1261,GEO,99.55284881591797,female
1262,GEO,99.51457977294922,female
1263,GEO,99.29474639892578,female
1264,GEO,99.45179748535156,female
1265,GHA,49.791961669921875,female
1266,GHA,65.29469299316406,female
1267,GHA,74.4743881225586,female
1268,GRC,85.31999206542969,female
1269,GRC,89.35330200195312,female
1270,GRC,94.23941040039062,female
1271,GRC,90.76541137695312,female
1272,GRC,91.81246948242188,female
1273,GRC,91.84761047363281,female
1274,GRC,96.50211334228516,female
1275,GRC,97.39409637451172,female
1276,GRD,97.58978271484375,female
1277,GRD,98.5999984741211,female
1278,GRD,98.5999984741211,female
1279,GRD,98.5999984741211,female
1280,GRD,98.5999984741211,female
1281,GUM,96.46308135986328,female
1282,GUM,99.30850219726562,female
1283,GTM,57.292659759521484,female
1284,GTM,63.34138107299805,female
1285,GTM,72.42803955078125,female
1286,GTM,72.1275863647461,female
1287,GTM,76.37065887451172,female
1288,GTM,76.72338104248047,female
1289,GIN,9.743069648742676,female
1290,GIN,18.238679885864258,female
1291,GIN,12.191949844360352,female
1292,GIN,21.962249755859375,female
1293,GIN,27.69256019592285,female
1294,GNB,8.58825969696045,female
1295,GNB,27.49420928955078,female
1296,GNB,30.768510818481445,female
1297,GUY,87.25198364257812,female
1298,GUY,85.03460693359375,female
1299,HTI,32.524959564208984,female
1300,HTI,54.86146926879883,female
1301,HTI,44.599449157714844,female
1302,HTI,58.30052185058594,female
1303,HND,80.22360229492188,female
1304,HND,83.45276641845703,female
1305,HND,84.72502899169922,female
1306,HND,84.93026733398438,female
1307,HND,85.05148315429688,female
1308,HND,85.28472900390625,female
1309,HND,87.02599334716797,female
1310,HND,87.8936996459961,female
1311,HND,88.93486022949219,female
1312,HND,87.26555633544922,female
1313,HND,88.73169708251953,female
1314,HUN,98.45413208007812,female
1315,HUN,99.0999984741211,female
1316,IND,25.676250457763672,female
1317,IND,33.729530334472656,female
1318,IND,47.842098236083984,female
1319,IND,50.823760986328125,female
1320,IND,59.277320861816406,female
1321,IND,65.79080963134766,female
1322,IDN,57.69462966918945,female
1323,IDN,75.2701187133789,female
1324,IDN,86.79959106445312,female
1325,IDN,88.78697967529297,female
1326,IDN,89.10138702392578,female
1327,IDN,89.67711639404297,female
1328,IDN,90.0687026977539,female
1329,IDN,93.45089721679688,female
1330,IDN,93.33570861816406,female
1331,IDN,93.58692169189453,female
1332,IDN,93.99217987060547,female
1333,IDN,94.55235290527344,female
1334,IRN,24.423080444335938,female
1335,IRN,41.03395080566406,female
1336,IRN,56.15642166137695,female
1337,IRN,66.06775665283203,female
1338,IRN,70.4000015258789,female
1339,IRN,76.80264282226562,female
1340,IRN,77.24002075195312,female
1341,IRN,77.69471740722656,female
1342,IRN,78.41626739501953,female
1343,IRN,79.7558364868164,female
1344,IRN,79.83934783935547,female
1345,IRN,80.78743743896484,female
1346,IRQ,64.16950225830078,female
1347,IRQ,69,female
1348,IRQ,63.400001525878906,female
1349,IRQ,74.5999984741211,female
1350,IRQ,76.80000305175781,female
1351,IRQ,79.9000015258789,female
1352,ISR,88.67472076416016,female
1353,ITA,95.53666687011719,female
1354,ITA,98.04215240478516,female
1355,ITA,98.5795669555664,female
1356,ITA,98.97191619873047,female
1357,JAM,85.87207794189453,female
1358,JAM,92.69999694824219,female
1359,JOR,52.11061096191406,female
1360,JOR,84.71392059326172,female
1361,JOR,87.00581359863281,female
1362,JOR,88.90331268310547,female
1363,JOR,89.2077407836914,female
1364,JOR,93.93345642089844,female
1365,JOR,97.37200927734375,female
1366,JOR,97.83207702636719,female
1367,KAZ,96.1387710571289,female
1368,KAZ,99.28990173339844,female
1369,KAZ,99.68428802490234,female
1370,KAZ,99.7389907836914,female
1371,KAZ,99.7389907836914,female
1372,KEN,77.89298248291016,female
1373,KEN,66.86312103271484,female
1374,KEN,74.00631713867188,female
1375,KEN,78.18892669677734,female
1376,KWT,48.01520919799805,female
1377,KWT,59.11050033569336,female
1378,KWT,68.84937286376953,female
1379,KWT,74.14871978759766,female
1380,KWT,91.0425033569336,female
1381,KWT,90.82862854003906,female
1382,KWT,91.50348663330078,female
1383,KWT,91.77864837646484,female
1384,KWT,92.68093872070312,female
1385,KWT,94.96524810791016,female
1386,KWT,94.30116271972656,female
1387,KWT,94.47004699707031,female
1388,KWT,94.82576751708984,female
1389,KWT,94.90515899658203,female
1390,KWT,95.35169982910156,female
1391,KGZ,98.13063049316406,female
1392,KGZ,98.98120880126953,female
1393,KGZ,99.49971771240234,female
1394,LAO,47.90235900878906,female
1395,LAO,58.46070098876953,female
1396,LAO,60.90251922607422,female
1397,LAO,63.22698974609375,female
1398,LAO,49.723079681396484,female
1399,LAO,79.39103698730469,female
1400,LVA,99.18879699707031,female
1401,LVA,99.70973205566406,female
1402,LVA,99.90792083740234,female
1403,LVA,99.90640258789062,female
1404,LBN,85.96778106689453,female
1405,LBN,88.0870590209961,female
1406,LBN,93.30500793457031,female
1407,LSO,92.04644775390625,female
1408,LSO,84.96395874023438,female
1409,LSO,84.93489074707031,female
1410,LBR,19.30278968811035,female
1411,LBR,27.034910202026367,female
1412,LBR,34.09225845336914,female
1413,LBY,42.31354904174805,female
1414,LBY,63.70000076293945,female
1415,LBY,77.80000305175781,female
1416,LTU,97.7815933227539,female
1417,LTU,99.64794158935547,female
1418,LTU,99.83323669433594,female
1419,MAC,86.21588134765625,female
1420,MAC,87.77497100830078,female
1421,MAC,90.72358703613281,female
1422,MAC,93.7319107055664,female
1423,MAC,95.0325698852539,female
1424,MDG,65.27857208251953,female
1425,MDG,54.75429916381836,female
1426,MDG,61.64141082763672,female
1427,MDG,68.2833023071289,female
1428,MDG,75.0705795288086,female
1429,MWI,33.52302169799805,female
1430,MWI,53.99711990356445,female
1431,MWI,51.25196838378906,female
1432,MWI,55.13098907470703,female
1433,MWI,55.20410919189453,female
1434,MYS,61.24850082397461,female
1435,MYS,77.28308868408203,female
1436,MYS,85.35421752929688,female
1437,MYS,90.7476806640625,female
1438,MYS,93.36942291259766,female
1439,MYS,93.55406951904297,female
1440,MYS,93.50482940673828,female
1441,MYS,93.64668273925781,female
1442,MDV,82.17816162109375,female
1443,MDV,92.3590087890625,female
1444,MDV,96.14601135253906,female
1445,MDV,96.44297790527344,female
1446,MDV,98.42984771728516,female
1447,MDV,98.6916732788086,female
1448,MDV,98.11470794677734,female
1449,MLI,5.7352800369262695,female
1450,MLI,11.89342975616455,female
1451,MLI,15.899999618530273,female
1452,MLI,18.19091033935547,female
1453,MLI,20.28792953491211,female
1454,MLI,18.90468978881836,female
1455,MLI,22.195810317993164,female
1456,MLI,25.73516082763672,female
1457,MLI,22.07847023010254,female
1458,MLT,87.2861328125,female
1459,MLT,89.24263763427734,female
1460,MLT,93.5042495727539,female
1461,MLT,94.7900390625,female
1462,MLT,95.98872375488281,female
1463,MHL,98.2029800415039,female
1464,MRT,43.4173583984375,female
1465,MRT,35.34843063354492,female
1466,MRT,56.59244155883789,female
1467,MRT,43.35438919067383,female
1468,MUS,74.660888671875,female
1469,MUS,80.50003051757812,female
1470,MUS,86.65807342529297,female
1471,MUS,88.9793472290039,female
1472,MUS,89.05094146728516,female
1473,MUS,90.28331756591797,female
1474,MUS,90.65402221679688,female
1475,MUS,90.98055267333984,female
1476,MUS,89.36637878417969,female
1477,MEX,79.89099884033203,female
1478,MEX,84.9559097290039,female
1479,MEX,88.68203735351562,female
1480,MEX,88.72863006591797,female
1481,MEX,89.63101959228516,female
1482,MEX,90.21041107177734,female
1483,MEX,89.83451080322266,female
1484,MEX,91.35555267333984,female
1485,MEX,91.45361328125,female
1486,MEX,92.11624908447266,female
1487,MEX,91.8534164428711,female
1488,MEX,92.3382797241211,female
1489,MEX,93.17923736572266,female
1490,MEX,92.90393829345703,female
1491,MEX,93.59133911132812,female
1492,MEX,93.4854965209961,female
1493,MEX,93.96852111816406,female
1494,MEX,94.16575622558594,female
1495,MEX,94.60804748535156,female
1496,MEX,94.49513244628906,female
1497,MDA,94.4444808959961,female
1498,MDA,95.49230194091797,female
1499,MDA,99.14041900634766,female
1500,MNG,97.52880096435547,female
1501,MNG,98.33663177490234,female
1502,MNG,98.64888763427734,female
1503,MNG,99.2410888671875,female
1504,MNE,83.23545837402344,female
1505,MNE,97.77604675292969,female
1506,MNE,96.3188705444336,female
1507,MNE,97.5005111694336,female
1508,MNE,98.27134704589844,female
1509,MAR,17.514869689941406,female
1510,MAR,28.725419998168945,female
1511,MAR,39.61956024169922,female
1512,MAR,42.58784866333008,female
1513,MAR,43.92108154296875,female
1514,MAR,57.639991760253906,female
1515,MAR,59.130638122558594,female
1516,MAR,53.31092071533203,female
1517,MAR,64.59137725830078,female
1518,MOZ,12.096529960632324,female
1519,MOZ,24.96419906616211,female
1520,MOZ,33.1939582824707,female
1521,MOZ,36.45227813720703,female
1522,MOZ,43.062461853027344,female
1523,MOZ,50.29513931274414,female
1524,MMR,71.63086700439453,female
1525,MMR,86.41517639160156,female
1526,MMR,71.84699249267578,female
1527,MMR,86.26860809326172,female
1528,NAM,73.98660278320312,female
1529,NAM,83.54032135009766,female
1530,NAM,78.35098266601562,female
1531,NAM,87.95105743408203,female
1532,NAM,91.43643188476562,female
1533,NPL,9.153120040893555,female
1534,NPL,17.381790161132812,female
1535,NPL,34.88676071166992,female
1536,NPL,48.837589263916016,female
1537,NPL,59.724430084228516,female
1538,NCL,90.310791015625,female
1539,NCL,92.07344055175781,female
1540,NCL,95.46530151367188,female
1541,NCL,97.5,female
1542,NIC,76.6016616821289,female
1543,NIC,77.9160385131836,female
1544,NIC,82.77935028076172,female
1545,NER,9.3993501663208,female
1546,NER,15.084139823913574,female
1547,NER,22.55129051208496,female
1548,NER,26.649999618530273,female
1549,NGA,43.72919845581055,female
1550,NGA,43.32204818725586,female
1551,NGA,64.2544937133789,female
1552,NGA,41.38676071166992,female
1553,NGA,52.65647888183594,female
1554,PRK,99.99761199951172,female
1555,MKD,90.92801666259766,female
1556,MKD,94.05606842041016,female
1557,MKD,96.69999694824219,female
1558,MKD,97.60762023925781,female
1559,OMN,73.53170776367188,female
1560,OMN,80.87226104736328,female
1561,OMN,81.80323028564453,female
1562,OMN,88.92669677734375,female
1563,OMN,86.0372085571289,female
1564,OMN,90.94416046142578,female
1565,OMN,92.22560119628906,female
1566,OMN,92.6939926147461,female
1567,PAK,14.771550178527832,female
1568,PAK,29.043840408325195,female
1569,PAK,35.36751937866211,female
1570,PAK,39.61323165893555,female
1571,PAK,38.457759857177734,female
1572,PAK,40.081180572509766,female
1573,PAK,40.31462097167969,female
1574,PAK,41.01552963256836,female
1575,PAK,41.97539138793945,female
1576,PAK,43.07189178466797,female
1577,PAK,41.97494125366211,female
1578,PAK,44.28342056274414,female
1579,PAK,46.46767044067383,female
1580,PAK,45.398399353027344,female
1581,PAK,46.49003982543945,female
1582,PLW,90.50324249267578,female
1583,PLW,99.52793884277344,female
1584,PLW,96.34014892578125,female
1585,PSE,79.76364135742188,female
1586,PSE,88.7657470703125,female
1587,PSE,89.75801086425781,female
1588,PSE,90.34676361083984,female
1589,PSE,90.75170135498047,female
1590,PSE,91.4814682006836,female
1591,PSE,91.84744262695312,female
1592,PSE,92.24562072753906,female
1593,PSE,93.21846008300781,female
1594,PSE,93.77192687988281,female
1595,PSE,94.09632873535156,female
1596,PSE,94.53014373779297,female
1597,PSE,94.88633728027344,female
1598,PSE,95.28157806396484,female
1599,PSE,95.74188995361328,female
1600,PSE,95.91488647460938,female
1601,PSE,96.20166778564453,female
1602,PAN,88.0465316772461,female
1603,PAN,88.21485137939453,female
1604,PAN,91.24717712402344,female
1605,PAN,93.48526000976562,female
1606,PAN,94.88172149658203,female
1607,PAN,95.35887908935547,female
1608,PNG,50.91773986816406,female
1609,PNG,57.900001525878906,female
1610,PRY,75.85298156738281,female
1611,PRY,88.55870819091797,female
1612,PRY,93.4532699584961,female
1613,PRY,92.49443054199219,female
1614,PRY,93.14401245117188,female
1615,PRY,92.92574310302734,female
1616,PRY,93.58785247802734,female
1617,PRY,94.46626281738281,female
1618,PRY,94.21479797363281,female
1619,PRY,94.87442016601562,female
1620,PRY,93.83505249023438,female
1621,PRY,93.53170776367188,female
1622,PRY,92.65534210205078,female
1623,PRY,94.18141174316406,female
1624,PER,73.85833740234375,female
1625,PER,81.65875244140625,female
1626,PER,82.0626220703125,female
1627,PER,82.4543685913086,female
1628,PER,83.45487213134766,female
1629,PER,84.64688110351562,female
1630,PER,90.66883087158203,female
1631,PER,90.44918060302734,female
1632,PER,91.24652862548828,female
1633,PER,91.18852996826172,female
1634,PER,91.27012634277344,female
1635,PER,91.70310974121094,female
1636,PER,92.01902770996094,female
1637,PHL,82.76215362548828,female
1638,PHL,93.18071746826172,female
1639,PHL,94.53865051269531,female
1640,PHL,92.6549072265625,female
1641,PHL,93.56452941894531,female
1642,PHL,95.82563018798828,female
1643,PHL,96.78736114501953,female
1644,PHL,98.24175262451172,female
1645,PHL,96.85243225097656,female
1646,POL,98.25198364257812,female
1647,POL,98.25198364257812,female
1648,POL,98.25198364257812,female
1649,POL,98.25198364257812,female
1650,PRT,74.60798645019531,female
1651,PRT,84.65821075439453,female
1652,PRT,92.86077117919922,female
1653,PRT,95.07251739501953,female
1654,PRI,85.850341796875,female
1655,PRI,89.73095703125,female
1656,PRI,92.5301513671875,female
1657,PRI,92.39002227783203,female
1658,QAT,72.45894622802734,female
1659,QAT,80.88867950439453,female
1660,QAT,86.711181640625,female
1661,QAT,90.43611907958984,female
1662,QAT,89.13771057128906,female
1663,QAT,90.15306854248047,female
1664,QAT,91.89582061767578,female
1665,QAT,90.24652862548828,female
1666,QAT,90.81172180175781,female
1667,QAT,91.72962951660156,female
1668,QAT,92.45240020751953,female
1669,QAT,94.20703887939453,female
1670,QAT,94.71150970458984,female
1671,ROU,94.9826889038086,female
1672,ROU,96.26631927490234,female
1673,ROU,98.20520782470703,female
1674,ROU,98.59976959228516,female
1675,RUS,96.75817108154297,female
1676,RUS,99.22836303710938,female
1677,RUS,99.64778137207031,female
1678,RUS,99.7341079711914,female
1679,RWA,26.573579788208008,female
1680,RWA,59.75033950805664,female
1681,RWA,61.54861068725586,female
1682,RWA,64.66448974609375,female
1683,RWA,66.13744354248047,female
1684,RWA,69.39453887939453,female
1685,WSM,97.42173767089844,female
1686,WSM,99.06952667236328,female
1687,WSM,99.24504089355469,female
1688,STP,42.363380432128906,female
1689,STP,61.92047882080078,female
1690,STP,77.94922637939453,female
1691,STP,60.083030700683594,female
1692,STP,85.44170379638672,female
1693,STP,89.51573181152344,female
1694,SAU,57.27783966064453,female
1695,SAU,69.29119110107422,female
1696,SAU,76.33515930175781,female
1697,SAU,91.36924743652344,female
1698,SAU,92.70719909667969,female
1699,SAU,96.04924774169922,female
1700,SEN,17.863269805908203,female
1701,SEN,29.247339248657227,female
1702,SEN,32.987579345703125,female
1703,SEN,37.42441177368164,female
1704,SEN,40.25495147705078,female
1705,SEN,33.76036071777344,female
1706,SEN,39.798561096191406,female
1707,SRB,94.06828308105469,female
1708,SRB,96.74910736083984,female
1709,SRB,98.22827911376953,female
1710,SRB,99.11560821533203,female
1711,SYC,85.48930358886719,female
1712,SYC,88.58660125732422,female
1713,SYC,92.25897979736328,female
1714,SYC,94.44898223876953,female
1715,SYC,96.3501968383789,female
1716,SLE,24.1589298248291,female
1717,SLE,24.856679916381836,female
1718,SLE,34.85203170776367,female
1719,SGP,73.96853637695312,female
1720,SGP,83.02684783935547,female
1721,SGP,88.64517974853516,female
1722,SGP,93.77481079101562,female
1723,SGP,94.0683364868164,female
1724,SGP,94.35958862304688,female
1725,SGP,94.6418685913086,female
1726,SGP,94.91132354736328,female
1727,SGP,95.1906509399414,female
1728,SGP,95.44789123535156,female
1729,SGP,95.68946838378906,female
1730,SGP,95.9194107055664,female
1731,SGP,96.13475799560547,female
1732,SVN,99.45375061035156,female
1733,SVN,99.5999984741211,female
1734,SVN,99.5999984741211,female
1735,SLB,69,female
1736,SLB,69,female
1737,SOM,3.6871700286865234,female
1738,ZAF,74.80718994140625,female
1739,ZAF,80.92862701416016,female
1740,ZAF,87.04309844970703,female
1741,ZAF,91.76815795898438,female
1742,ZAF,91.7139892578125,female
1743,ZAF,92.04788970947266,female
1744,ZAF,92.58625030517578,female
1745,ZAF,93.07305908203125,female
1746,ZAF,93.40802764892578,female
1747,ZAF,86.45863342285156,female
1748,ZAF,94.53317260742188,female
1749,KOR,97.61865997314453,female
1750,SSD,19.18638038635254,female
1751,SSD,28.864259719848633,female
1752,ESP,89.93692016601562,female
1753,ESP,95.0510025024414,female
1754,ESP,96.23088073730469,female
1755,ESP,96.9251480102539,female
1756,ESP,96.9748306274414,female
1757,ESP,97.26032257080078,female
1758,ESP,96.8868408203125,female
1759,ESP,96.92597198486328,female
1760,ESP,97.00450134277344,female
1761,ESP,97.06556701660156,female
1762,ESP,97.2180404663086,female
1763,ESP,97.44053649902344,female
1764,ESP,97.48735046386719,female
1765,ESP,97.54712677001953,female
1766,ESP,97.69535827636719,female
1767,ESP,97.9737777709961,female
1768,ESP,98.18704223632812,female
1769,LKA,82.02197265625,female
1770,LKA,89.13575744628906,female
1771,LKA,89.09134674072266,female
1772,LKA,89.07347106933594,female
1773,LKA,89.95867919921875,female
1774,LKA,91.4861068725586,female
1775,LKA,90.97074127197266,female
1776,LKA,90.79560089111328,female
1777,LKA,91.58087158203125,female
1778,SDN,52.146400451660156,female
1779,SDN,46.69963073730469,female
1780,SDN,56.063228607177734,female
1781,SUR,87.19744110107422,female
1782,SUR,93.76537322998047,female
1783,SUR,94.0035400390625,female
1784,SUR,90.99790954589844,female
1785,SUR,92.7120590209961,female
1786,SYR,37.05915832519531,female
1787,SYR,74.24044036865234,female
1788,SYR,73.62655639648438,female
1789,TJK,96.64179992675781,female
1790,TJK,99.22122955322266,female
1791,TJK,99.69999694824219,female
1792,TZA,48.08802032470703,female
1793,TZA,62.17232131958008,female
1794,TZA,60.752620697021484,female
1795,TZA,73.34718322753906,female
1796,TZA,73.09382629394531,female
1797,THA,83.89334869384766,female
1798,THA,90.51602172851562,female
1799,THA,91.52957153320312,female
1800,THA,96.42704772949219,female
1801,THA,92.24916076660156,female
1802,THA,91.19193267822266,female
1803,THA,92.42855834960938,female
1804,TLS,30,female
1805,TLS,42.5,female
1806,TLS,52.95899963378906,female
1807,TLS,64.2109375,female
1808,TGO,38.45328903198242,female
1809,TGO,44.37662887573242,female
1810,TGO,43.60689926147461,female
1811,TGO,47.97739028930664,female
1812,TGO,51.24177932739258,female
1813,TGO,55.05149841308594,female
1814,TON,99.52552795410156,female
1815,TON,98.97554779052734,female
1816,TON,99.08251190185547,female
1817,TON,99.43421936035156,female
1818,TON,99.47502899169922,female
1819,TTO,93.46417236328125,female
1820,TTO,95.66178894042969,female
1821,TTO,97.0999984741211,female
1822,TTO,98.30000305175781,female
1823,TUN,35.76757049560547,female
1824,TUN,65.34786224365234,female
1825,TUN,68.5093765258789,female
1826,TUN,69.2093734741211,female
1827,TUN,71.08821105957031,female
1828,TUN,71.72959899902344,female
1829,TUN,72.16065216064453,female
1830,TUN,72.22377014160156,female
1831,TUR,45.09891891479492,female
1832,TUR,49.80641174316406,female
1833,TUR,64.23171997070312,female
1834,TUR,68.51966094970703,female
1835,TUR,79.5816879272461,female
1836,TUR,80.5489501953125,female
1837,TUR,80.38516235351562,female
1838,TUR,81.26383209228516,female
1839,TUR,85.34716033935547,female
1840,TUR,88.07317352294922,female
1841,TUR,90.31009674072266,female
1842,TUR,91.60452270507812,female
1843,TUR,92.13807678222656,female
1844,TUR,92.40181732177734,female
1845,TUR,92.64581298828125,female
1846,TUR,93.5630111694336,female
1847,TUR,93.4982681274414,female
1848,TUR,94.42404174804688,female
1849,TKM,98.26177215576172,female
1850,TKM,99.5999984741211,female
1851,UGA,44.826690673828125,female
1852,UGA,58.909881591796875,female
1853,UGA,62.07897186279297,female
1854,UGA,64.5914535522461,female
1855,UGA,61.970428466796875,female
1856,UGA,70.83805847167969,female
1857,UKR,99.17156982421875,female
1858,UKR,99.95819854736328,female
1859,ARE,38.12487030029297,female
1860,ARE,68.6612777709961,female
1861,ARE,91.47474670410156,female
1862,ARE,96.86031341552734,female
1863,URY,94.30451965332031,female
1864,URY,95.88153839111328,female
1865,URY,97.27095794677734,female
1866,URY,98.08435821533203,female
1867,URY,98.24192810058594,female
1868,URY,98.46366119384766,female
1869,URY,98.53372192382812,female
1870,URY,98.49095153808594,female
1871,URY,98.61907958984375,female
1872,URY,98.66055297851562,female
1873,URY,98.63642883300781,female
1874,URY,98.80905151367188,female
1875,URY,98.86746215820312,female
1876,URY,98.8503189086914,female
1877,URY,98.96391296386719,female
1878,URY,99.00773620605469,female
1879,URY,99.03526306152344,female
1880,UZB,98.13858032226562,female
1881,UZB,99.9958724975586,female
1882,UZB,99.97599029541016,female
1883,UZB,99.97576904296875,female
1884,UZB,99.97840881347656,female
1885,UZB,99.98587036132812,female
1886,UZB,99.99994659423828,female
1887,VUT,47.782588958740234,female
1888,VUT,53.70000076293945,female
1889,VUT,65.5999984741211,female
1890,VUT,76.19999694824219,female
1891,VUT,83.19999694824219,female
1892,VUT,86.70609283447266,female
1893,VEN,83.0046615600586,female
1894,VEN,89.00485229492188,female
1895,VEN,92.71598052978516,female
1896,VEN,94.92964172363281,female
1897,VEN,95.35040283203125,female
1898,VEN,95.02887725830078,female
1899,VEN,96.56006622314453,female
1900,VEN,97.21370697021484,female
1901,VNM,78.14038848876953,female
1902,VNM,82.82939147949219,female
1903,VNM,86.92008209228516,female
1904,VNM,86.610107421875,female
1905,VNM,91.37908935546875,female
1906,VNM,94.56565856933594,female
1907,YEM,17.059560775756836,female
1908,YEM,35,female
1909,ZMB,57.35776138305664,female
1910,ZMB,59.80284881591797,female
1911,ZMB,61.83927917480469,female
1912,ZMB,51.78696823120117,female
1913,ZMB,77.74664306640625,female
1914,ZMB,83.08344268798828,female
1915,ZWE,71.85392761230469,female
1916,ZWE,78.51702117919922,female
1917,ZWE,80.06565856933594,female
1918,ZWE,88.28382873535156,female
1919,AFG,45.7960205078125,male
1920,AFG,61.87907,male
1921,ALB,99.36846,male
1922,ALB,98.53712,male
1923,ALB,98.73136,male
1924,ALB,99.37598,male
1925,DZA,86.2300872802734,male
1926,DZA,94.05754,male
1927,DZA,94.38148000000001,male
1928,DZA,95.74706,male
1929,ASM,97.8886184692383,male
1930,AND,100,male
1931,AND,100,male
1932,AGO,83.77693000000001,male
1933,AGO,84.86238,male
1934,ARG,96.45922088623051,male
1935,ARG,98.06549072265629,male
1936,ARG,98.7079,male
1937,ARG,99.13,male
1938,ARM,99.9093704223633,male
1939,ARM,99.75235,male
1940,ARM,99.81841999999999,male
1941,ABW,98.88176,male
1942,ABW,98.96573000000001,male
1943,AZE,99.87034,male
1944,AZE,100,male
1945,AZE,99.95678000000001,male
1946,AZE,99.96745,male
1947,AZE,99.95603,male
1948,AZE,99.955,male
1949,AZE,99.97686999999999,male
1950,AZE,99.97624,male
1951,AZE,99.96367,male
1952,AZE,99.96238000000001,male
1953,BHR,89.6903762817383,male
1954,BHR,97.2586669921875,male
1955,BHR,96.82708000000001,male
1956,BHR,98.61991,male
1957,BGD,44.3621597290039,male
1958,BGD,51.7367286682129,male
1959,BGD,67.16381,male
1960,BGD,54.274330000000006,male
1961,BGD,55.753930000000004,male
1962,BGD,90.90535,male
1963,BRB,99.7203903198242,male
1964,BLR,99.7319793701172,male
1965,BLR,99.75686999999999,male
1966,BLR,99.80033,male
1967,BLZ,78.8059463500977,male
1968,BEN,45.7106399536133,male
1969,BEN,55.130218505859396,male
1970,BEN,59.20508,male
1971,BEN,54.86694,male
1972,BEN,63.94092,male
1973,BTN,80.04191999999999,male
1974,BTN,90.39581,male
1975,BOL,91.4681396484375,male
1976,BOL,96.3184127807617,male
1977,BOL,98.54929,male
1978,BOL,99.75361,male
1979,BOL,99.39023,male
1980,BOL,99.69364,male
1981,BOL,99.24663000000001,male
1982,BOL,99.16245,male
1983,BOL,99.39402,male
1984,BIH,99.7482,male
1985,BIH,99.75125,male
1986,BIH,99.65765,male
1987,BWA,85.9000701904297,male
1988,BWA,92.08331,male
1989,BRA,82.5567626953125,male
1990,BRA,92.65401,male
1991,BRA,95.78389,male
1992,BRA,96.79700000000001,male
1993,BRA,97.05688,male
1994,BRA,97.18046,male
1995,BRA,97.44572,male
1996,BRA,96.71616999999999,male
1997,BRA,97.90999000000001,male
1998,BRA,98.22743,male
1999,BRA,98.25204000000001,male
2000,BRA,98.44697,male
2001,BRN,94.06430053710942,male
2002,BRN,98.10690307617192,male
2003,BRN,98.8743,male
2004,BRN,99.19989,male
2005,BGR,98.30967,male
2006,BGR,98.06693,male
2007,BFA,22.377130508422898,male
2008,BFA,26.7887992858887,male
2009,BFA,25.4782600402832,male
2010,BFA,38.38109,male
2011,BFA,40.37981,male
2012,BFA,39.821870000000004,male
2013,BFA,46.733740000000004,male
2014,BFA,56.994890000000005,male
2015,BDI,40.9319915771484,male
2016,BDI,59.497840881347706,male
2017,BDI,76.78002,male
2018,BDI,66.61451,male
2019,BDI,85.29008,male
2020,KHM,81.8462905883789,male
2021,KHM,87.92011,male
2022,KHM,89.38368,male
2023,KHM,88.35611999999999,male
2024,CMR,79.5916519165039,male
2025,CMR,88.42245,male
2026,CMR,89.41731999999999,male
2027,CMR,85.39748,male
2028,CPV,89.94896697998051,male
2029,CPV,97.87189000000001,male
2030,CPV,97.58501,male
2031,CYM,99.14231,male
2032,CAF,62.561450958252,male
2033,CAF,72.59475,male
2034,CAF,48.8571,male
2035,TCD,26.246229171752898,male
2036,TCD,55.6862,male
2037,TCD,53.70823000000001,male
2038,TCD,51.8363,male
2039,TCD,40.692890000000006,male
2040,CHL,96.18222045898442,male
2041,CHL,98.1564483642578,male
2042,CHL,98.80364,male
2043,CHL,99.11452,male
2044,CHL,98.85938,male
2045,CHL,99.21439000000001,male
2046,CHL,99.00978,male
2047,CHN,95.2085418701172,male
2048,CHN,96.9769287109375,male
2049,CHN,99.19846,male
2050,CHN,99.68961999999999,male
2051,COL,94.6445693969727,male
2052,COL,96.3851165771484,male
2053,COL,97.55252,male
2054,COL,97.51703,male
2055,COL,97.53366,male
2056,COL,97.48288000000001,male
2057,COL,97.54666,male
2058,COL,97.44113,male
2059,COL,97.68271999999999,male
2060,COL,97.76047,male
2061,COL,98.10670999999999,male
2062,COL,98.15518,male
2063,COM,69.35772705078129,male
2064,COM,83.95133,male
2065,COM,73.81076999999999,male
2066,COG,85.68361,male
2067,CRI,96.7545166015625,male
2068,CRI,97.19749,male
2069,CRI,99.00768000000001,male
2070,CIV,59.9322509765625,male
2071,CIV,54.4031295776367,male
2072,CIV,70.84071999999999,male
2073,CIV,58.33263,male
2074,CIV,59.12435,male
2075,HRV,99.6661834716797,male
2076,HRV,99.64426,male
2077,HRV,99.71204,male
2078,CUB,99.95741,male
2079,CUB,99.85526999999999,male
2080,CYP,99.5799102783203,male
2081,CYP,99.73631,male
2082,CYP,99.80454,male
2083,COD,77.98111,male
2084,COD,78.93642,male
2085,COD,91.04756,male
2086,COD,90.96096999999999,male
2087,DOM,81.25730895996091,male
2088,DOM,92.99864000000001,male
2089,DOM,94.62720999999999,male
2090,DOM,95.7753,male
2091,DOM,96.09187,male
2092,DOM,96.32186999999999,male
2093,DOM,96.7627,male
2094,DOM,97.35356,male
2095,DOM,97.22539,male
2096,ECU,94.5548095703125,male
2097,ECU,96.5757675170898,male
2098,ECU,96.3794,male
2099,ECU,95.21831,male
2100,ECU,96.81895,male
2101,ECU,98.46887,male
2102,ECU,98.5865,male
2103,ECU,98.77316,male
2104,ECU,98.57941,male
2105,ECU,99.01074,male
2106,ECU,99.33717,male
2107,ECU,98.9792,male
2108,EGY,63.040679931640604,male
2109,EGY,71.38067626953129,male
2110,EGY,78.990867614746,male
2111,EGY,90.07911999999999,male
2112,EGY,87.8568,male
2113,EGY,90.55763,male
2114,EGY,92.35576,male
2115,EGY,93.64928,male
2116,SLV,84.9452590942383,male
2117,SLV,94.39686999999999,male
2118,SLV,93.21921999999999,male
2119,SLV,95.40501,male
2120,SLV,94.70805,male
2121,SLV,95.66904,male
2122,SLV,96.15056,male
2123,SLV,96.94699,male
2124,SLV,97.46197,male
2125,GNQ,97.6079,male
2126,ERI,86.25322,male
2127,ERI,91.28661,male
2128,EST,99.8340225219727,male
2129,EST,99.7291,male
2130,EST,99.93924,male
2131,SWZ,76.0830764770508,male
2132,SWZ,83.08648681640629,male
2133,SWZ,90.69415,male
2134,SWZ,92.18741999999999,male
2135,ETH,39.288669586181605,male
2136,ETH,62.2,male
2137,ETH,55.88474,male
2138,ETH,62.97093,male
2139,GAB,94.4075469970703,male
2140,GAB,87.38959,male
2141,GMB,64.34049,male
2142,GMB,65.97576,male
2143,GEO,99.78848,male
2144,GEO,99.67772,male
2145,GHA,75.9459,male
2146,GHA,88.31075,male
2147,GRC,99.0480575561523,male
2148,GRC,98.988426208496,male
2149,GRC,98.89446,male
2150,GRC,99.53356,male
2151,GRC,99.44521,male
2152,GRC,99.51223,male
2153,GRC,98.58221,male
2154,GRL,100,male
2155,GRD,98.845359802246,male
2156,GUM,95.3572616577148,male
2157,GUM,99.9000015258789,male
2158,GTM,81.721061706543,male
2159,GTM,86.37878,male
2160,GTM,95.46641,male
2161,GTM,94.18228,male
2162,GTM,95.48186,male
2163,GIN,44.1200485229492,male
2164,GIN,59.46236999999999,male
2165,GIN,37.56715,male
2166,GIN,56.97051,male
2167,GNB,59.6943702697754,male
2168,GNB,74.80124,male
2169,GNB,71.25033,male
2170,GUY,92.42121,male
2171,GUY,96.33185999999999,male
2172,HTI,51.261348724365206,male
2173,HTI,82.65737,male
2174,HTI,74.36740999999999,male
2175,HND,86.89099,male
2176,HND,92.69526,male
2177,HND,94.44801,male
2178,HND,94.93154,male
2179,HND,94.00283,male
2180,HND,93.85074,male
2181,HND,95.04737,male
2182,HND,94.99325,male
2183,HND,94.94519,male
2184,HUN,99.42166137695308,male
2185,HUN,99.1106796264648,male
2186,IND,66.3148727416992,male
2187,IND,73.5097198486328,male
2188,IND,84.19224,male
2189,IND,88.41184,male
2190,IND,90.04483,male
2191,IDN,89.591209411621,male
2192,IDN,97.4022674560547,male
2193,IDN,98.86708,male
2194,IDN,97.02747,male
2195,IDN,99.53748,male
2196,IDN,99.55003,male
2197,IDN,98.80384000000001,male
2198,IDN,99.68156,male
2199,IDN,99.70176,male
2200,IDN,99.68345,male
2201,IRN,70.9001693725585,male
2202,IRN,84.5260772705078,male
2203,IRN,92.4355010986328,male
2204,IRN,95.5168228149414,male
2205,IRN,98.10998000000001,male
2206,IRN,97.14548,male
2207,IRN,98.25652,male
2208,IRN,98.33391999999999,male
2209,IRN,98.10902,male
2210,IRN,98.19154,male
2211,IRQ,88.91216999999999,male
2212,IRQ,57.00646999999999,male
2213,ISR,99.05457305908199,male
2214,ITA,99.6975936889648,male
2215,ITA,99.80447,male
2216,ITA,99.85103000000001,male
2217,JAM,87.31139,male
2218,JOR,95.792137145996,male
2219,JOR,99.32879,male
2220,JOR,98.931,male
2221,JOR,98.95204,male
2222,JOR,98.75873,male
2223,JOR,99.05083,male
2224,JOR,99.00204000000001,male
2225,KAZ,99.6977081298828,male
2226,KAZ,99.81603,male
2227,KAZ,99.80391,male
2228,KAZ,99.94014,male
2229,KEN,93.30951999999999,male
2230,KEN,83.20541999999999,male
2231,KEN,86.93869000000001,male
2232,KWT,77.6922302246094,male
2233,KWT,81.2881622314453,male
2234,KWT,90.6923294067383,male
2235,KWT,93.7998886108398,male
2236,KWT,99.69097,male
2237,KWT,98.52218,male
2238,KWT,98.39884,male
2239,KWT,98.56515999999999,male
2240,KWT,99.06282,male
2241,KWT,98.73638000000001,male
2242,KWT,99.25229,male
2243,KWT,99.15068000000001,male
2244,KGZ,99.65078000000001,male
2245,KGZ,99.70463000000001,male
2246,LAO,78.815788269043,male
2247,LAO,88.06197,male
2248,LAO,82.59933000000001,male
2249,LAO,89.18749,male
2250,LAO,77.27266999999999,male
2251,LVA,99.7500534057617,male
2252,LVA,99.71818,male
2253,LVA,99.80219,male
2254,LBN,98.39605999999999,male
2255,LBN,99.16173,male
2256,LSO,84.82558,male
2257,LSO,74.18503,male
2258,LSO,79.60804,male
2259,LBR,62.8272895812988,male
2260,LBR,65.7604217529297,male
2261,LBR,63.45101999999999,male
2262,LBY,97.85204315185551,male
2263,LBY,99.4237823486328,male
2264,LTU,99.6411819458008,male
2265,LTU,99.66221999999999,male
2266,LTU,99.84546999999999,male
2267,MAC,95.1423873901367,male
2268,MAC,99.43009,male
2269,MAC,99.58699,male
2270,MAC,99.65496999999999,male
2271,MAC,99.72689,male
2272,MDG,72.65446,male
2273,MDG,65.91478000000001,male
2274,MDG,78.41248,male
2275,MWI,70.4406509399414,male
2276,MWI,82.0912322998047,male
2277,MWI,74.26925,male
2278,MWI,78.78466,male
2279,MWI,72.49172,male
2280,MYS,89.49591064453129,male
2281,MYS,95.9064407348633,male
2282,MYS,97.20814,male
2283,MYS,98.38104,male
2284,MDV,84.13037109375,male
2285,MDV,94.88720703125,male
2286,MDV,98.0773086547852,male
2287,MDV,98.03439331054692,male
2288,MDV,98.03439,male
2289,MDV,99.24022,male
2290,MDV,99.08133000000001,male
2291,MLI,26.6656303405762,male
2292,MLI,32.2511787414551,male
2293,MLI,47.37997,male
2294,MLI,56.371269999999996,male
2295,MLI,56.31502,male
2296,MLI,60.525490000000005,male
2297,MLT,94.3650665283203,male
2298,MLT,97.45976,male
2299,MLT,98.40398,male
2300,MHL,98.16972,male
2301,MRT,67.73265,male
2302,MRT,66.39988000000001,male
2303,MUS,90.6955718994141,male
2304,MUS,93.72184,male
2305,MUS,97.68915,male
2306,MEX,93.08718872070308,male
2307,MEX,95.9634628295898,male
2308,MEX,96.7512,male
2309,MEX,97.9407,male
2310,MEX,97.5173,male
2311,MEX,97.64425,male
2312,MEX,98.10611999999999,male
2313,MEX,98.19888,male
2314,MEX,98.40971,male
2315,MEX,98.67003000000001,male
2316,MEX,98.37557,male
2317,MEX,98.41656,male
2318,MEX,98.72036999999999,male
2319,MEX,98.52684,male
2320,MEX,98.92220999999999,male
2321,MEX,98.87351,male
2322,MDA,99.72015380859379,male
2323,MDA,99.40321,male
2324,MDA,99.33775,male
2325,MNG,96.99861,male
2326,MNG,98.02181,male
2327,MNE,99.1471099853516,male
2328,MNE,99.26254272460942,male
2329,MNE,99.45795,male
2330,MNE,99.36079000000001,male
2331,MAR,58.1169204711914,male
2332,MAR,71.384910583496,male
2333,MAR,80.80266999999999,male
2334,MAR,85.80525,male
2335,MAR,86.72861999999999,male
2336,MAR,88.82942,male
2337,MAR,94.62719,male
2338,MOZ,63.9541816711426,male
2339,MOZ,59.452701568603494,male
2340,MOZ,74.36055,male
2341,MOZ,79.84044,male
2342,MMR,88.56580352783199,male
2343,MMR,95.7881,male
2344,MMR,85.11967,male
2345,NAM,85.70274353027341,male
2346,NAM,91.14834,male
2347,NAM,83.23858,male
2348,NAM,93.45852,male
2349,NPL,45.0961418151855,male
2350,NPL,68.2296295166016,male
2351,NPL,80.61596999999999,male
2352,NPL,89.88401999999999,male
2353,NCL,97.0024871826172,male
2354,NCL,98.6569290161133,male
2355,NIC,83.63,male
2356,NIC,85.15562,male
2357,NER,26.230059999999998,male
2358,NER,52.44951999999999,male
2359,NER,34.53362,male
2360,NGA,81.3560333251953,male
2361,NGA,78.12795,male
2362,NGA,75.56594,male
2363,PRK,99.99944,male
2364,MKD,99.1444625854492,male
2365,MKD,98.98544,male
2366,OMN,97.86509000000001,male
2367,OMN,97.63412,male
2368,OMN,97.40565,male
2369,OMN,99.1306,male
2370,OMN,99.43405,male
2371,OMN,98.51479,male
2372,PAK,44.5028686523438,male
2373,PAK,67.14935302734379,male
2374,PAK,76.65172,male
2375,PAK,79.10218,male
2376,PAK,79.42005,male
2377,PAK,79.14432,male
2378,PAK,79.50414,male
2379,PAK,78.04241999999999,male
2380,PAK,80.28826,male
2381,PAK,79.40381,male
2382,PAK,79.76598,male
2383,PLW,94.193603515625,male
2384,PLW,97.366600036621,male
2385,PLW,99.76959000000001,male
2386,PLW,98.24561,male
2387,PSE,96.9136276245117,male
2388,PSE,99.02489,male
2389,PSE,99.0393,male
2390,PSE,99.13416,male
2391,PSE,99.21045,male
2392,PSE,99.23298,male
2393,PSE,99.21135,male
2394,PSE,99.25986,male
2395,PSE,99.34515999999999,male
2396,PSE,99.41883,male
2397,PSE,99.40579,male
2398,PSE,99.41046999999999,male
2399,PSE,99.45153,male
2400,PAN,95.92749786376949,male
2401,PAN,95.39389038085942,male
2402,PAN,96.53054,male
2403,PAN,97.93446999999999,male
2404,PNG,69.13374,male
2405,PRY,90.1732864379883,male
2406,PRY,95.85675048828129,male
2407,PRY,98.80972,male
2408,PRY,97.69171999999999,male
2409,PRY,98.04145,male
2410,PRY,98.50034000000001,male
2411,PRY,98.90615,male
2412,PRY,98.04035,male
2413,PER,96.513328552246,male
2414,PER,96.98548126220699,male
2415,PER,97.80303,male
2416,PER,97.92135,male
2417,PER,98.51275,male
2418,PER,98.01326,male
2419,PER,98.71934,male
2420,PER,99.15706,male
2421,PER,99.23966999999999,male
2422,PER,99.08887,male
2423,PHL,91.0633087158203,male
2424,PHL,96.2767333984375,male
2425,PHL,94.45826,male
2426,PHL,93.5783,male
2427,PHL,97.01995,male
2428,PHL,97.42543,male
2429,POL,99.7787399291992,male
2430,POL,99.9991073608398,male
2431,PRT,97.6643218994141,male
2432,PRT,99.14246368408199,male
2433,PRT,99.3918,male
2434,PRI,93.0182723999023,male
2435,PRI,92.2238998413085,male
2436,PRI,98.81458,male
2437,QAT,88.5272979736328,male
2438,QAT,94.1227569580078,male
2439,QAT,94.88588,male
2440,QAT,99.09515999999999,male
2441,QAT,95.31860999999999,male
2442,QAT,97.70183,male
2443,QAT,96.32373,male
2444,QAT,97.57916,male
2445,QAT,98.68559,male
2446,QAT,98.82146999999999,male
2447,QAT,98.38078,male
2448,ROU,99.1800689697266,male
2449,ROU,97.74423,male
2450,ROU,99.01409,male
2451,RUS,99.69100952148442,male
2452,RUS,99.67908,male
2453,RUS,99.66278,male
2454,RWA,59.6562004089355,male
2455,RWA,79.3672714233398,male
2456,RWA,78.52216999999999,male
2457,RWA,76.65858,male
2458,RWA,81.12005,male
2459,WSM,99.12000274658199,male
2460,WSM,99.02962,male
2461,STP,90.8198928833008,male
2462,STP,95.8085403442383,male
2463,STP,95.97399,male
2464,STP,83.05633,male
2465,STP,97.12077,male
2466,SAU,93.9633102416992,male
2467,SAU,98.07428,male
2468,SAU,96.95305,male
2469,SAU,99.30072,male
2470,SEN,49.1273002624512,male
2471,SEN,58.48508,male
2472,SEN,58.12517,male
2473,SEN,74.20335,male
2474,SEN,73.96651,male
2475,SEN,61.11376,male
2476,SRB,99.34544,male
2477,SRB,99.71523,male
2478,SYC,96.8068618774414,male
2479,SYC,98.4939804077148,male
2480,SYC,98.7706,male
2481,SYC,98.58672,male
2482,SLE,59.61425,male
2483,SLE,64.5305,male
2484,SGP,96.40878295898442,male
2485,SGP,98.8551177978516,male
2486,SGP,99.40999000000001,male
2487,SGP,99.73789000000001,male
2488,SGP,99.89365,male
2489,SGP,99.89686999999999,male
2490,SGP,99.89628,male
2491,SGP,99.89716,male
2492,SGP,99.73515,male
2493,SGP,99.91319,male
2494,SVN,99.73696899414058,male
2495,ZAF,85.3461990356445,male
2496,ZAF,93.4984130859375,male
2497,ZAF,97.04518,male
2498,ZAF,97.9152,male
2499,ZAF,98.38871999999999,male
2500,ZAF,98.43064,male
2501,ZAF,98.49655,male
2502,ZAF,98.68172,male
2503,ZAF,98.68459,male
2504,SSD,44.07936,male
2505,ESP,98.64132690429692,male
2506,ESP,99.54004669189449,male
2507,ESP,99.58037,male
2508,ESP,99.57169,male
2509,ESP,99.58001,male
2510,ESP,99.52781999999999,male
2511,ESP,99.63875,male
2512,ESP,99.50676999999999,male
2513,ESP,99.65465,male
2514,ESP,99.64105,male
2515,ESP,99.69463,male
2516,ESP,99.75731,male
2517,ESP,99.61875,male
2518,ESP,99.63757,male
2519,LKA,91.87976837158199,male
2520,LKA,95.06529,male
2521,LKA,97.02708,male
2522,LKA,97.33251,male
2523,LKA,97.68654000000001,male
2524,SDN,85.69496,male
2525,SDN,68.66786,male
2526,SUR,95.61588,male
2527,SUR,99.37586,male
2528,SUR,97.97273,male
2529,SUR,98.08572,male
2530,SYR,88.8319778442383,male
2531,SYR,97.14407,male
2532,SYR,94.60731,male
2533,TJK,99.7364501953125,male
2534,TJK,99.84443,male
2535,TZA,86.2043228149414,male
2536,TZA,80.91718,male
2537,TZA,76.49114,male
2538,TZA,87.1745,male
2539,TZA,87.0131,male
2540,THA,97.5708236694335,male
2541,THA,98.09989,male
2542,THA,98.21679,male
2543,THA,96.64255,male
2544,THA,97.97784,male
2545,THA,98.00288,male
2546,TLS,80.48976,male
2547,TGO,83.78623,male
2548,TGO,84.85531999999999,male
2549,TGO,87.62799999999999,male
2550,TGO,86.91668,male
2551,TGO,89.67246999999999,male
2552,TON,99.8410491943359,male
2553,TON,99.2652206420898,male
2554,TON,99.30216,male
2555,TON,99.36657,male
2556,TTO,99.19503784179692,male
2557,TTO,99.3000030517578,male
2558,TUN,85.74456787109379,male
2559,TUN,90.3621368408203,male
2560,TUN,96.39501,male
2561,TUN,97.83991,male
2562,TUN,98.13431,male
2563,TUN,98.21085,male
2564,TUN,98.23633000000001,male
2565,TUN,97.97062,male
2566,TUN,96.61184,male
2567,TUR,90.754051208496,male
2568,TUR,93.62197875976558,male
2569,TUR,95.6840362548828,male
2570,TUR,96.57077026367192,male
2571,TUR,98.02444,male
2572,TUR,98.36093000000001,male
2573,TUR,98.36596,male
2574,TUR,98.58456,male
2575,TUR,99.01895999999999,male
2576,TUR,99.21415999999999,male
2577,TUR,99.4467,male
2578,TUR,99.5905,male
2579,TUR,99.68914000000001,male
2580,TUR,99.74698000000001,male
2581,TUR,99.8061,male
2582,TKM,99.8079071044922,male
2583,UGA,77.223876953125,male
2584,UGA,85.95758000000001,male
2585,UGA,87.26585,male
2586,UGA,89.63519000000001,male
2587,UGA,85.75978,male
2588,UKR,99.77624,male
2589,UKR,99.95707,male
2590,ARE,65.5117416381835,male
2591,ARE,81.0138320922852,male
2592,ARE,93.62515,male
2593,URY,97.7408905029297,male
2594,URY,98.2630462646484,male
2595,URY,98.15316772460942,male
2596,URY,98.31211,male
2597,URY,98.4888,male
2598,URY,98.62774,male
2599,URY,98.50746,male
2600,URY,98.35943,male
2601,URY,98.6134,male
2602,URY,98.62612,male
2603,URY,98.56438,male
2604,URY,98.30905,male
2605,URY,98.63845,male
2606,UZB,99.85337,male
2607,UZB,100,male
2608,UZB,100,male
2609,UZB,100,male
2610,VUT,75.7441635131835,male
2611,VUT,87.30343627929692,male
2612,VEN,92.3298187255859,male
2613,VEN,94.520751953125,male
2614,VEN,96.32621999999999,male
2615,VEN,97.9744,male
2616,VEN,98.26986,male
2617,VEN,96.88986,male
2618,VEN,98.71199,male
2619,VEN,98.44194,male
2620,VNM,96.10887908935551,male
2621,VNM,94.0826034545898,male
2622,VNM,94.37064000000001,male
2623,VNM,95.58781,male
2624,VNM,97.39524,male
2625,YEM,82.8042221069335,male
2626,ZMB,67.26934814453129,male
2627,ZMB,72.6156,male
2628,ZMB,77.72511999999999,male
2629,ZMB,70.30841,male
2630,ZMB,91.19563000000001,male
2631,ZWE,93.8269577026367,male
2632,ZWE,96.54061889648442,male
2633,ZWE,89.59058,male
2634,ZWE,87.59186,male
2635,AFG,11.1428003311157,female
2636,AFG,32.11322,female
2637,ALB,99.49808,female
2638,ALB,99.12132,female
2639,ALB,98.85624,female
2640,ALB,99.02019,female
2641,DZA,62.2114791870117,female
2642,DZA,86.13399,female
2643,DZA,89.13824,female
2644,DZA,91.73993,female
2645,ASM,97.4436492919922,female
2646,AND,100,female
2647,AND,100,female
2648,AGO,63.18212,female
2649,AGO,70.58513,female
2650,ARG,97.30248260498051,female
2651,ARG,98.5402069091797,female
2652,ARG,99.12767,female
2653,ARG,99.48,female
2654,ARM,99.9105682373047,female
2655,ARM,99.86166999999999,female
2656,ARM,99.87619000000001,female
2657,ABW,99.16637,female
2658,ABW,99.3231,female
2659,AZE,99.90149,female
2660,AZE,100,female
2661,AZE,99.94579,female
2662,AZE,99.93333,female
2663,AZE,99.93176,female
2664,AZE,99.91767,female
2665,AZE,99.9267,female
2666,AZE,99.93638,female
2667,AZE,99.92011,female
2668,AZE,99.91648,female
2669,BHR,82.0774230957031,female
2670,BHR,96.5787734985352,female
2671,BHR,97.25061,female
2672,BHR,97.58234,female
2673,BGD,27.151010513305696,female
2674,BGD,37.9897499084473,female
2675,BGD,60.25623,female
2676,BGD,67.48857,female
2677,BGD,72.65009,female
2678,BGD,93.53532,female
2679,BRB,99.8000030517578,female
2680,BLR,99.800537109375,female
2681,BLR,99.82821,female
2682,BLR,99.84739,female
2683,BLZ,79.8089294433594,female
2684,BEN,18.2551803588867,female
2685,BEN,26.6902904510498,female
2686,BEN,33.238,female
2687,BEN,30.78655,female
2688,BEN,40.93838,female
2689,BTN,67.96426,female
2690,BTN,84.48774,female
2691,BOL,75.8401412963867,female
2692,BOL,91.56597900390629,female
2693,BOL,96.11462,female
2694,BOL,99.14458,female
2695,BOL,98.87941,female
2696,BOL,99.0843,female
2697,BOL,98.77202,female
2698,BOL,98.82861,female
2699,BOL,99.40420999999999,female
2700,BIH,99.84363,female
2701,BIH,99.15044,female
2702,BIH,99.66747,female
2703,BWA,92.2518768310547,female
2704,BWA,95.59602,female
2705,BRA,85.2365493774414,female
2706,BRA,95.71902,female
2707,BRA,97.90386,female
2708,BRA,98.36166,female
2709,BRA,98.55943,female
2710,BRA,98.53111,female
2711,BRA,98.69204,female
2712,BRA,98.31874,female
2713,BRA,99.07315,female
2714,BRA,99.02082,female
2715,BRA,99.22972,female
2716,BRA,99.25031,female
2717,BRN,93.23892211914058,female
2718,BRN,98.0837936401367,female
2719,BRN,98.91216999999999,female
2720,BRN,99.54606,female
2721,BGR,98.10977,female
2722,BGR,97.65106,female
2723,BFA,6.66406011581421,female
2724,BFA,14.1737499237061,female
2725,BFA,13.985340118408198,female
2726,BFA,24.81137,female
2727,BFA,26.4829,female
2728,BFA,26.53412,female
2729,BFA,33.12532,female
2730,BFA,43.98583,female
2731,BDI,21.4868602752686,female
2732,BDI,48.011260986328104,female
2733,BDI,70.3653,female
2734,BDI,57.32103000000001,female
2735,BDI,74.95891,female
2736,KHM,71.0715866088867,female
2737,KHM,78.896,female
2738,KHM,85.53457,female
2739,KHM,85.86868,female
2740,CMR,59.0631790161133,female
2741,CMR,77.96249,female
2742,CMR,77.48205,female
2743,CMR,76.42093,female
2744,CPV,86.4150924682617,female
2745,CPV,98.39818000000001,female
2746,CPV,98.73018,female
2747,CYM,98.62333000000001,female
2748,CAF,34.851749420166,female
2749,CAF,49.01935,female
2750,CAF,26.97133,female
2751,TCD,8.94583988189697,female
2752,TCD,23.2354,female
2753,TCD,30.77491,female
2754,TCD,25.99362,female
2755,TCD,22.38715,female
2756,CHL,97.1165313720703,female
2757,CHL,98.7008590698242,female
2758,CHL,99.18334,female
2759,CHL,99.19581,female
2760,CHL,98.89001999999999,female
2761,CHL,99.60537,female
2762,CHL,99.08694,female
2763,CHN,82.0992202758789,female
2764,CHN,91.4546966552734,female
2765,CHN,98.50486,female
2766,CHN,99.59304,female
2767,COL,96.2814407348633,female
2768,COL,97.56674194335942,female
2769,COL,98.41068,female
2770,COL,98.37487,female
2771,COL,98.19491,female
2772,COL,98.419,female
2773,COL,98.42687,female
2774,COL,98.43472,female
2775,COL,98.5172,female
2776,COL,98.72434,female
2777,COL,98.97285,female
2778,COL,98.91534,female
2779,COM,54.899040222168,female
2780,COM,77.55762,female
2781,COM,69.59522,female
2782,COG,76.94608000000001,female
2783,CRI,97.5381317138672,female
2784,CRI,98.03841,female
2785,CRI,99.25811999999999,female
2786,CIV,37.845939636230504,female
2787,CIV,39.849090576171896,female
2788,CIV,52.125170000000004,female
2789,CIV,38.75008,female
2790,CIV,47.03975,female
2791,HRV,99.60440063476558,female
2792,HRV,99.65321,female
2793,HRV,99.73572,female
2794,CUB,99.95369000000001,female
2795,CUB,99.8952,female
2796,CYP,99.6641998291016,female
2797,CYP,99.81524,female
2798,CYP,99.83830999999999,female
2799,COD,63.0907,female
2800,COD,53.25022,female
2801,COD,76.6585,female
2802,COD,79.71484,female
2803,DOM,83.9385299682617,female
2804,DOM,95.41705,female
2805,DOM,96.93073000000001,female
2806,DOM,97.88349000000001,female
2807,DOM,98.05375,female
2808,DOM,97.76923000000001,female
2809,DOM,98.25251999999999,female
2810,DOM,98.04481,female
2811,DOM,98.03096,female
2812,ECU,92.2789306640625,female
2813,ECU,95.833251953125,female
2814,ECU,96.49345,female
2815,ECU,95.62893000000001,female
2816,ECU,96.84546,female
2817,ECU,98.8541,female
2818,ECU,98.80532,female
2819,ECU,98.89454,female
2820,ECU,98.63248,female
2821,ECU,99.18693,female
2822,ECU,98.91229,female
2823,ECU,99.13691999999999,female
2824,EGY,38.1226387023926,female
2825,EGY,54.0046615600586,female
2826,EGY,66.931541442871,female
2827,EGY,78.94999,female
2828,EGY,81.75145,female
2829,EGY,84.30693000000001,female
2830,EGY,86.05159,female
2831,EGY,90.3254,female
2832,SLV,84.94789123535159,female
2833,SLV,95.45334,female
2834,SLV,93.88949000000001,female
2835,SLV,96.48331,female
2836,SLV,95.32356,female
2837,SLV,96.38574,female
2838,SLV,96.94589,female
2839,SLV,97.50019,female
2840,SLV,98.43374,female
2841,GNQ,96.62424,female
2842,ERI,69.4834,female
2843,ERI,82.57652,female
2844,EST,99.9045028686523,female
2845,EST,99.81336,female
2846,EST,99.95904,female
2847,SWZ,74.9796600341797,female
2848,SWZ,84.2975997924805,female
2849,SWZ,92.94364,female
2850,SWZ,94.74849,female
2851,ETH,28.0801696777344,female
2852,ETH,38.5,female
2853,ETH,33.29975,female
2854,ETH,47.041129999999995,female
2855,GAB,92.11402130126949,female
2856,GAB,89.42925,female
2857,GMB,41.39434,female
2858,GMB,56.12098,female
2859,GEO,99.86236,female
2860,GEO,99.72914,female
2861,GHA,65.48871,female
2862,GHA,83.23453,female
2863,GRC,98.8844528198242,female
2864,GRC,98.97937774658199,female
2865,GRC,98.99116,female
2866,GRC,99.5248,female
2867,GRC,99.67996,female
2868,GRC,99.46973,female
2869,GRC,98.81535,female
2870,GRL,100,female
2871,GRD,99.07742309570308,female
2872,GUM,95.90540313720699,female
2873,GUM,99.8476181030273,female
2874,GTM,70.7215118408203,female
2875,GTM,78.39068,female
2876,GTM,91.94237,female
2877,GTM,89.77037,female
2878,GTM,93.26925,female
2879,GIN,13.4728002548218,female
2880,GIN,34.06904,female
2881,GIN,21.79673,female
2882,GIN,37.21018,female
2883,GNB,17.8034706115723,female
2884,GNB,45.90365,female
2885,GNB,49.75632,female
2886,GUY,93.67022,female
2887,GUY,97.03701,female
2888,HTI,51.0530204772949,female
2889,HTI,80.68945,female
2890,HTI,70.48078000000001,female
2891,HND,90.91032,female
2892,HND,95.05453,female
2893,HND,95.8775,female
2894,HND,96.92600999999999,female
2895,HND,95.98721,female
2896,HND,96.29856,female
2897,HND,96.29226,female
2898,HND,96.99961,female
2899,HND,97.24561,female
2900,HUN,99.31812286376949,female
2901,HUN,99.1821136474609,female
2902,IND,40.3215217590332,female
2903,IND,49.3491897583008,female
2904,IND,67.74658000000001,female
2905,IND,74.35573000000001,female
2906,IND,81.84980999999999,female
2907,IDN,81.6483993530273,female
2908,IDN,95.0692520141602,female
2909,IDN,98.54216,female
2910,IDN,96.27235999999999,female
2911,IDN,99.38241,female
2912,IDN,99.39659,female
2913,IDN,98.7518,female
2914,IDN,99.67883,female
2915,IDN,99.63701999999999,female
2916,IDN,99.65351,female
2917,IRN,42.3278007507324,female
2918,IRN,65.5926666259766,female
2919,IRN,81.2009963989258,female
2920,IRN,90.55661010742192,female
2921,IRN,96.73755,female
2922,IRN,96.13215,female
2923,IRN,97.46597,female
2924,IRN,97.66179,female
2925,IRN,97.43798000000001,female
2926,IRN,97.67817,female
2927,IRQ,80.48683,female
2928,IRQ,48.63865,female
2929,ISR,98.04602813720699,female
2930,ITA,99.5874862670898,female
2931,ITA,99.82011,female
2932,ITA,99.8687,female
2933,JAM,96.29552,female
2934,JOR,84.8327865600585,female
2935,JOR,98.91331,female
2936,JOR,99.02348,female
2937,JOR,98.94657,female
2938,JOR,98.76635,female
2939,JOR,99.25322,female
2940,JOR,99.20273,female
2941,KAZ,99.7549896240234,female
2942,KAZ,99.8747,female
2943,KAZ,99.86511,female
2944,KAZ,99.85091,female
2945,KEN,91.94255,female
2946,KEN,81.63257,female
2947,KEN,86.13651999999999,female
2948,KWT,66.01071929931639,female
2949,KWT,76.0303573608398,female
2950,KWT,84.0936965942383,female
2951,KWT,90.18480682373051,female
2952,KWT,99.78759000000001,female
2953,KWT,98.49927,female
2954,KWT,98.50779,female
2955,KWT,98.73937,female
2956,KWT,98.71821,female
2957,KWT,98.83530999999999,female
2958,KWT,99.04066999999999,female
2959,KWT,99.40085,female
2960,KGZ,99.74129,female
2961,KGZ,99.79959000000001,female
2962,LAO,64.05435180664061,female
2963,LAO,73.56058,female
2964,LAO,74.68243000000001,female
2965,LAO,78.73984,female
2966,LAO,67.05378,female
2967,LVA,99.8209228515625,female
2968,LVA,99.78331,female
2969,LVA,99.87011,female
2970,LBN,99.0823,female
2971,LBN,99.33674,female
2972,LSO,97.49609,female
2973,LSO,92.09389,female
2974,LSO,93.96988,female
2975,LBR,33.7245597839355,female
2976,LBR,54.189300537109396,female
2977,LBR,37.17031,female
2978,LBY,80.3106002807617,female
2979,LBY,96.2951431274414,female
2980,LTU,99.7084732055664,female
2981,LTU,99.74238000000001,female
2982,LTU,99.86662,female
2983,MAC,94.2051162719727,female
2984,MAC,99.81016,female
2985,MAC,99.69966,female
2986,MAC,99.69008000000001,female
2987,MAC,99.86617,female
2988,MDG,68.18623000000001,female
2989,MDG,63.96708,female
2990,MDG,75.30385,female
2991,MWI,49.1280708312988,female
2992,MWI,70.7007217407227,female
2993,MWI,69.98174,female
2994,MWI,73.33242,female
2995,MWI,73.3858,female
2996,MYS,86.5314788818359,female
2997,MYS,95.22213745117192,female
2998,MYS,97.26772,female
2999,MYS,98.45826,female
3000,MDV,87.1192779541016,female
3001,MDV,96.1760406494141,female
3002,MDV,98.3154830932617,female
3003,MDV,98.2986373901367,female
3004,MDV,98.29864,female
3005,MDV,99.36065,female
3006,MDV,99.43955,female
3007,MLI,13.4746503829956,female
3008,MLI,16.860670089721697,female
3009,MLI,30.79846,female
3010,MLI,33.94571,female
3011,MLI,39.008559999999996,female
3012,MLI,39.20776,female
3013,MLT,97.8065338134766,female
3014,MLT,99.11073,female
3015,MLT,99.38656999999999,female
3016,MHL,98.7567,female
3017,MRT,55.483709999999995,female
3018,MRT,47.71239,female
3019,MUS,91.70590209960942,female
3020,MUS,95.3619,female
3021,MUS,98.57592,female
3022,MEX,90.8609390258789,female
3023,MEX,94.9032135009766,female
3024,MEX,96.48236,female
3025,MEX,97.27211,female
3026,MEX,97.60793000000001,female
3027,MEX,97.62793,female
3028,MEX,97.69171999999999,female
3029,MEX,98.11610999999999,female
3030,MEX,98.35642,female
3031,MEX,98.3816,female
3032,MEX,98.49213,female
3033,MEX,98.50666,female
3034,MEX,99.02956999999999,female
3035,MEX,98.60191,female
3036,MEX,99.07946,female
3037,MEX,99.01495,female
3038,MDA,99.73853302001949,female
3039,MDA,99.65156999999999,female
3040,MDA,99.58578,female
3041,MNG,98.43194,female
3042,MNG,98.90874000000001,female
3043,MNE,98.28720092773442,female
3044,MNE,98.9892120361328,female
3045,MNE,99.3606,female
3046,MNE,99.05261,female
3047,MAR,30.9509105682373,female
3048,MAR,45.9963607788086,female
3049,MAR,60.49289,female
3050,MAR,69.89815,female
3051,MAR,72.14524,female
3052,MAR,74.03429,female
3053,MAR,87.7834,female
3054,MOZ,25.1153907775879,female
3055,MOZ,36.553108215331996,female
3056,MOZ,50.038909999999994,female
3057,MOZ,56.54005,female
3058,MMR,81.3442001342773,female
3059,MMR,93.47118,female
3060,MMR,84.41379,female
3061,NAM,90.4171600341797,female
3062,NAM,93.63254,female
3063,NAM,90.61543,female
3064,NAM,95.34631999999999,female
3065,NPL,14.966609954834,female
3066,NPL,32.6664390563965,female
3067,NPL,60.14379,female
3068,NPL,80.20683000000001,female
3069,NCL,97.96157836914058,female
3070,NCL,98.86099243164058,female
3071,NIC,88.81788,female
3072,NIC,88.84248000000001,female
3073,NER,14.23355,female
3074,NER,23.197429999999997,female
3075,NER,15.057770000000001,female
3076,NGA,62.4877815246582,female
3077,NGA,60.50937,female
3078,NGA,57.95389,female
3079,PRK,99.99979,female
3080,MKD,98.5668716430664,female
3081,MKD,98.48539,female
3082,OMN,96.66145,female
3083,OMN,97.62498000000001,female
3084,OMN,98.16507,female
3085,OMN,99.05662,female
3086,OMN,98.75332,female
3087,OMN,98.9804,female
3088,PAK,23.832960128784197,female
3089,PAK,43.114051818847706,female
3090,PAK,53.08856,female
3091,PAK,58.37056,female
3092,PAK,61.249919999999996,female
3093,PAK,61.46266,female
3094,PAK,62.29837,female
3095,PAK,63.13681,female
3096,PAK,64.4741,female
3097,PAK,63.438,female
3098,PAK,65.54779,female
3099,PLW,94.35772705078129,female
3100,PLW,95.5198287963867,female
3101,PLW,99.8295,female
3102,PLW,99.17051,female
3103,PSE,97.1884994506835,female
3104,PSE,98.85481999999999,female
3105,PSE,99.14568,female
3106,PSE,98.9869,female
3107,PSE,98.81536,female
3108,PSE,99.23354,female
3109,PSE,99.27404,female
3110,PSE,99.367,female
3111,PSE,99.22708,female
3112,PSE,99.2749,female
3113,PSE,99.31944,female
3114,PSE,99.26786,female
3115,PSE,99.31307,female
3116,PAN,96.2839584350585,female
3117,PAN,94.7777633666992,female
3118,PAN,95.62273,female
3119,PAN,97.33686999999999,female
3120,PNG,64.05813,female
3121,PRY,89.0011978149414,female
3122,PRY,95.3614273071289,female
3123,PRY,98.77916,female
3124,PRY,98.23231,female
3125,PRY,98.98827,female
3126,PRY,98.72882,female
3127,PRY,98.47231,female
3128,PRY,98.6213,female
3129,PER,89.7637176513672,female
3130,PER,93.78624725341801,female
3131,PER,95.65602,female
3132,PER,96.28778,female
3133,PER,96.95764,female
3134,PER,96.70523,female
3135,PER,98.67575,female
3136,PER,98.78966,female
3137,PER,98.7729,female
3138,PER,98.6722,female
3139,PHL,92.4690322875977,female
3140,PHL,96.8777389526367,female
3141,PHL,95.72028,female
3142,PHL,96.58059,female
3143,PHL,98.49152,female
3144,PHL,98.81543,female
3145,POL,99.8158111572266,female
3146,POL,99.9992523193359,female
3147,PRT,98.22210693359379,female
3148,PRT,99.25787353515629,female
3149,PRT,99.47964,female
3150,PRI,94.397361755371,female
3151,PRI,94.1121292114258,female
3152,PRI,98.85419,female
3153,QAT,91.2305221557617,female
3154,QAT,95.8093109130859,female
3155,QAT,97.54001,female
3156,QAT,98.96525,female
3157,QAT,96.88498,female
3158,QAT,97.94622,female
3159,QAT,98.26115,female
3160,QAT,98.74933,female
3161,QAT,99.83464000000001,female
3162,QAT,99.33438000000001,female
3163,QAT,99.64683000000001,female
3164,ROU,99.0320892333984,female
3165,ROU,97.77951999999999,female
3166,ROU,98.97622,female
3167,RUS,99.7494583129883,female
3168,RUS,99.77128,female
3169,RUS,99.75802,female
3170,RWA,44.6915893554688,female
3171,RWA,74.24578857421879,female
3172,RWA,76.86258000000001,female
3173,RWA,77.97246,female
3174,RWA,83.48739,female
3175,WSM,98.9499969482422,female
3176,WSM,99.45804,female
3177,STP,74.0576705932617,female
3178,STP,91.8525772094727,female
3179,STP,94.85257,female
3180,STP,77.33728,female
3181,STP,96.35088,female
3182,SAU,81.0738296508789,female
3183,SAU,93.71306,female
3184,SAU,94.67571,female
3185,SAU,99.13699,female
3186,SEN,28.0347499847412,female
3187,SEN,40.96837,female
3188,SEN,44.54016,female
3189,SEN,56.19144,female
3190,SEN,58.999019999999994,female
3191,SEN,50.96893,female
3192,SRB,99.26991,female
3193,SRB,99.72468,female
3194,SYC,98.46446990966801,female
3195,SYC,99.138427734375,female
3196,SYC,99.37438,female
3197,SYC,99.38308,female
3198,SLE,37.35752,female
3199,SLE,50.85709,female
3200,SGP,96.15953826904301,female
3201,SGP,99.08435821533199,female
3202,SGP,99.60451,female
3203,SGP,99.76666999999999,female
3204,SGP,99.88059,female
3205,SGP,99.89296,female
3206,SGP,99.90101,female
3207,SGP,99.90389,female
3208,SGP,99.83811999999999,female
3209,SGP,99.94051,female
3210,SVN,99.7790069580078,female
3211,ZAF,84.973258972168,female
3212,ZAF,94.28854370117192,female
3213,ZAF,98.09210999999999,female
3214,ZAF,98.8174,female
3215,ZAF,98.90137,female
3216,ZAF,99.15214,female
3217,ZAF,99.27071,female
3218,ZAF,99.08436999999999,female
3219,ZAF,99.22904,female
3220,SSD,29.57762,female
3221,ESP,98.642578125,female
3222,ESP,99.5696792602539,female
3223,ESP,99.53496,female
3224,ESP,99.50209,female
3225,ESP,99.55811,female
3226,ESP,99.60261,female
3227,ESP,99.55731999999999,female
3228,ESP,99.68636,female
3229,ESP,99.74597,female
3230,ESP,99.70572,female
3231,ESP,99.64289000000001,female
3232,ESP,99.68681,female
3233,ESP,99.69419,female
3234,ESP,99.60606,female
3235,LKA,90.19226837158199,female
3236,LKA,96.12111,female
3237,LKA,97.93921,female
3238,LKA,98.5861,female
3239,LKA,98.58896999999999,female
3240,SDN,72.33138000000001,female
3241,SDN,62.71716,female
3242,SUR,94.13904000000001,female
3243,SUR,99.45978000000001,female
3244,SUR,98.80215,female
3245,SUR,97.25966,female
3246,SYR,59.01689147949221,female
3247,SYR,92.96355,female
3248,SYR,90.21858,female
3249,TJK,99.6712493896484,female
3250,TJK,99.84971999999999,female
3251,TZA,77.8661727905273,female
3252,TZA,76.20201999999999,female
3253,TZA,72.771,female
3254,TZA,84.84801999999999,female
3255,TZA,84.6408,female
3256,THA,96.1722030639648,female
3257,THA,97.84793,female
3258,THA,97.87893000000001,female
3259,THA,96.55204,female
3260,THA,98.65491,female
3261,THA,98.29299,female
3262,TLS,78.56844,female
3263,TGO,63.55485,female
3264,TGO,67.9237,female
3265,TGO,74.55535,female
3266,TGO,72.70812,female
3267,TGO,78.37085,female
3268,TON,99.796287536621,female
3269,TON,99.35449981689449,female
3270,TON,99.55504,female
3271,TON,99.51043,female
3272,TTO,99.24356079101558,female
3273,TTO,99.3000030517578,female
3274,TUN,62.523231506347706,female
3275,TUN,75.0359268188477,female
3276,TUN,92.2407,female
3277,TUN,94.72457,female
3278,TUN,95.78644,female
3279,TUN,96.09356,female
3280,TUN,96.31759,female
3281,TUN,95.71758,female
3282,TUN,95.80119,female
3283,TUR,68.2533493041992,female
3284,TUR,75.2379837036133,female
3285,TUR,85.96096801757808,female
3286,TUR,88.3857879638672,female
3287,TUR,93.29502,female
3288,TUR,93.96016,female
3289,TUR,94.11954,female
3290,TUR,94.28914,female
3291,TUR,96.57019,female
3292,TUR,97.19733000000001,female
3293,TUR,97.9363,female
3294,TUR,98.41265,female
3295,TUR,98.74206,female
3296,TUR,98.95092,female
3297,TUR,99.16708,female
3298,TKM,99.81292724609379,female
3299,UGA,63.1238288879395,female
3300,UGA,76.1791,female
3301,UGA,81.12965,female
3302,UGA,85.47146,female
3303,UGA,81.6542,female
3304,UKR,99.83452,female
3305,UKR,99.98272,female
3306,ARE,56.276969909668,female
3307,ARE,84.514289855957,female
3308,ARE,97.00174,female
3309,URY,98.8356475830078,female
3310,URY,98.9950790405273,female
3311,URY,99.01730346679692,female
3312,URY,99.11466,female
3313,URY,99.01907,female
3314,URY,99.3203,female
3315,URY,99.2278,female
3316,URY,99.22541,female
3317,URY,99.12098,female
3318,URY,99.29778,female
3319,URY,99.31015,female
3320,URY,99.39062,female
3321,URY,99.22868000000001,female
3322,UZB,99.89448,female
3323,UZB,100,female
3324,UZB,100,female
3325,UZB,100,female
3326,VUT,67.6440582275391,female
3327,VUT,85.16844177246091,female
3328,VEN,93.8853073120117,female
3329,VEN,96.35971069335942,female
3330,VEN,98.06629000000001,female
3331,VEN,98.8361,female
3332,VEN,98.80499,female
3333,VEN,98.23637,female
3334,VEN,99.31739,female
3335,VEN,99.09258,female
3336,VNM,94.02294158935551,female
3337,VNM,93.4022216796875,female
3338,VNM,93.82261,female
3339,VNM,94.05552,female
3340,VNM,96.78113,female
3341,YEM,35.3777313232422,female
3342,ZMB,65.5243682861328,female
3343,ZMB,66.22681,female
3344,ZMB,66.31098,female
3345,ZMB,58.47755,female
3346,ZMB,86.50945,female
3347,ZWE,84.81224060058591,female
3348,ZWE,94.3534393310547,female
3349,ZWE,92.12456,female
3350,ZWE,93.18835,female
