report_id,country_code,rate,year
1,AFG,30.3077507,1979
2,AFG,45.417099,2011
3,AFG,52.06343079,2021
4,ALB,99.18760681,2001
5,ALB,97.30619812,2008
6,ALB,98.00816345,2011
7,ALB,98.35260773,2012
8,ALB,98.51361847,2018
9,DZA,63.37742996,1987
10,DZA,79.18669128,2002
11,DZA,81.28404236,2006
12,DZA,82.6158371,2008
13,DZA,87.42295837,2018
14,ASM,97.46996307,1980
15,AGO,82.91986847,2001
16,AGO,79.97415161,2014
17,ATG,98.40000153,2001
18,ATG,98.40000153,2011
19,ATG,98.40000153,2015
20,ARG,94.26338959,1980
21,ARG,96.17405701,1991
22,ARG,97.19319916,2001
23,ARG,98.72718811,2006
24,ARG,98.96272278,2009
25,ARG,98.98532104,2010
26,ARG,99.22830963,2011
27,ARG,99.11112976,2012
28,ARG,99.15602875,2013
29,ARG,99.06124878,2014
30,ARG,99.14824677,2015
31,ARG,99.1049881,2016
32,ARG,98.93773651,2018
33,ARM,99.40384674,1989
34,ARM,99.67223358,2001
35,ARM,99.80608368,2011
36,ARM,99.80549622,2017
37,ARM,99.84332275,2020
38,ABW,97.53739929,2000
39,ABW,96.94052887,2010
40,ABW,97.80013275,2018
41,AZE,99.47241974,1999
42,AZE,99.82096863,2007
43,AZE,99.84266663,2009
44,AZE,99.85443878,2010
45,AZE,99.85665894,2011
46,AZE,99.85285187,2012
47,AZE,99.86592102,2013
48,AZE,99.86200714,2014
49,AZE,99.86263275,2015
50,AZE,99.86405182,2016
51,AZE,99.86374664,2017
52,AZE,99.86824036,2019
53,BHR,76.51837158,1981
54,BHR,88.53736877,1991
55,BHR,88.55410767,2001
56,BHR,92.14543915,2010
57,BGD,39.7322998,1981
58,BGD,44.31428146,1991
59,BGD,53.89609146,2001
60,BGD,49.8323288,2007
61,BGD,62.48305893,2011
62,BGD,61.54286957,2012
63,BGD,64.21376801,2013
64,BGD,64.36508942,2014
65,BGD,68.05535889,2015
66,BGD,75.61885071,2016
67,BGD,75.70236206,2017
68,BGD,76.66925812,2018
69,BGD,77.44149017,2019
70,BGD,77.81671143,2020
71,BRB,99.28723145,1970
72,BRB,99.59999847,1984
73,BRB,99.59999847,1994
74,BRB,99.59999847,2004
75,BRB,99.59999847,2014
76,BLR,99.38417816,1989
77,BLR,99.79210663,1999
78,BLR,99.76368713,2009
79,BLR,99.87095642,2019
80,BLZ,70.26876831,1991
81,BLZ,76.68373108,2000
82,BEN,25.19005966,1979
83,BEN,39.90332031,1992
84,BEN,47.86595917,2002
85,BEN,40.61616898,2006
86,BEN,44.96025848,2012
87,BEN,53.97703171,2018
88,BTN,65.0477829,2005
89,BTN,66.00305939,2012
90,BTN,75.01985168,2017
91,BOL,75.84288788,1976
92,BOL,88.15558624,1992
93,BOL,93.05747223,2001
94,BOL,96.03626251,2007
95,BOL,94.95542908,2008
96,BOL,95.80364227,2009
97,BOL,96.60105133,2011
98,BOL,97.10704803,2012
99,BOL,96.52275085,2015
100,BIH,96.30541992,1991
101,BIH,99.03370667,2000
102,BIH,99.54132843,2011
103,BIH,99.17627716,2013
104,BWA,65.38694,1991
105,BWA,80.43010712,2003
106,BWA,86.12213898,2013
107,BRA,76.37735748,1980
108,BRA,86.22798157,2000
109,BRA,88.40946198,2004
110,BRA,89.35324097,2006
111,BRA,89.7721405,2007
112,BRA,89.83786774,2008
113,BRA,90.17484283,2009
114,BRA,90.05618286,2010
115,BRA,91.16898346,2011
116,BRA,91.02567291,2012
117,BRA,91.17796326,2013
118,BRA,91.36676788,2014
119,BRA,91.72515869,2015
120,BRA,92.57515717,2016
121,BRA,92.8915329,2017
122,BRA,93.00904083,2018
123,BRN,85.1368103,1981
124,BRN,92.45218658,1991
125,BRN,95.15042114,2001
126,BRN,97.42816162,2011
127,BRN,98.05361938,2018
128,BGR,98.73660278,2001
129,BGR,98.74723053,2011
130,BFA,14.52849007,1975
131,BFA,19.62612915,1991
132,BFA,18.51778984,1996
133,BFA,29.36199951,2003
134,BFA,31.37454987,2005
135,BFA,29.71435928,2006
136,BFA,36.57479858,2007
137,BFA,44.37945175,2014
138,BFA,49.17272949,2018
139,BDI,34.26271057,1979
140,BDI,48.23625183,1990
141,BDI,67.30693054,2000
142,BDI,53.12839127,2008
143,BDI,69.58728027,2014
144,BDI,76.29605103,2017
145,KHM,79.48217773,1998
146,KHM,84.68000793,2004
147,KHM,84.98745728,2008
148,KHM,83.93267822,2009
149,KHM,84.81414795,2014
150,KHM,86.53244019,2015
151,CMR,54.62984848,1976
152,CMR,79.19451904,2000
153,CMR,78.9499588,2007
154,CMR,78.32769012,2010
155,CMR,82.6280365,2018
156,CPV,74.75926971,1990
157,CPV,83.83760834,2000
158,CPV,90.47450256,2012
159,CPV,91.69143677,2015
160,CYM,98.72238922,2007
161,CAF,29.5929203,1975
162,CAF,48.02030182,1988
163,CAF,66.78952789,2000
164,CAF,50.71271133,2010
165,CAF,49.51459122,2018
166,TCD,18.26059914,1993
167,TCD,40.8270607,2000
168,TCD,39.3682518,2004
169,TCD,38.91820145,2015
170,TCD,31.32879066,2016
171,CHL,91.48053741,1982
172,CHL,94.5630722,1992
173,CHL,95.79640961,2002
174,CHL,97.70249939,2008
175,CHL,97.88935852,2009
176,CHL,96.89878082,2011
177,CHL,96.38800812,2013
178,CHL,97.02468872,2015
179,CHL,96.48062897,2017
180,CHN,79.19178009,1982
181,CHN,87.02497864,1990
182,CHN,95.13524628,2000
183,CHN,97.47946167,2010
184,CHN,98.46653748,2018
185,COL,90.97265625,1993
186,COL,91.0891037,1996
187,COL,92.9041214,2004
188,COL,92.77794647,2005
189,COL,92.39279938,2006
190,COL,92.42970276,2007
191,COL,93.31687927,2008
192,COL,93.06253815,2009
193,COL,93.25019073,2010
194,COL,93.48825836,2011
195,COL,93.86740112,2014
196,COL,94.06317139,2015
197,COL,94.40228271,2016
198,COL,94.85182953,2018
199,COL,95.01589203,2019
200,COL,95.38252258,2020
201,COM,55.97703934,1980
202,COM,74.51403809,2000
203,COM,56.47980118,2012
204,COM,64.64420319,2018
205,COG,71.32911682,1984
206,COG,86.04982758,2005
207,COG,86.43431091,2011
208,COG,86.07650757,2018
209,CRI,92.68213654,1984
210,CRI,94.650177,2000
211,CRI,97.30632782,2011
212,CRI,97.80235291,2018
213,CIV,44.36354065,1988
214,CIV,43.94641876,1998
215,CIV,60.86066055,2000
216,CIV,51.59267044,2012
217,CIV,50.70190048,2014
218,CIV,93.14134979,2019
219,HRV,98.75705719,1991
220,HRV,99.32058716,2001
221,HRV,99.62970734,2011
222,CUB,99.80731201,2002
223,CUB,99.70606232,2012
224,CYP,97.83058929,1992
225,CYP,98.63104248,2001
226,CYP,99.28614807,2011
227,COD,80.92324066,2001
228,COD,76.91568756,2007
229,COD,87.90838623,2012
230,COD,88.52468872,2016
231,DOM,73.59024811,1981
232,DOM,86.8110199,2002
233,DOM,88.21015167,2007
234,DOM,89.37703705,2010
235,DOM,89.98500824,2011
236,DOM,90.08482361,2012
237,DOM,90.45812988,2013
238,DOM,91.37159729,2014
239,DOM,91.65071106,2015
240,DOM,93.79360199,2016
241,ECU,86.78697205,1982
242,ECU,90.49677277,1990
243,ECU,92.32713318,2001
244,ECU,93.3891983,2007
245,ECU,93.74945068,2008
246,ECU,93.66378021,2009
247,ECU,93.31687164,2010
248,ECU,93.05252075,2011
249,ECU,93.25424194,2012
250,ECU,94.42572784,2013
251,ECU,95.25717163,2014
252,ECU,95.72621918,2015
253,ECU,95.44502258,2016
254,ECU,93.77906036,2017
255,ECU,94.81250763,2020
256,EGY,53.6151886,1976
257,EGY,56.97615814,1986
258,EGY,67.15177917,1996
259,EGY,77.91013336,2005
260,EGY,74.62180328,2006
261,EGY,80.26864624,2010
262,EGY,81.67922211,2012
263,EGY,81.69406128,2013
264,EGY,76.49521637,2017
265,SLV,77.37241364,1992
266,SLV,86.69534302,2006
267,SLV,84.86406708,2007
268,SLV,87.05467987,2008
269,SLV,86.82521057,2009
270,SLV,87.09970093,2010
271,SLV,88.39164734,2011
272,SLV,89.23500824,2013
273,SLV,90.0099411,2015
274,SLV,90.29927063,2016
275,SLV,90.63137817,2017
276,SLV,91.1023407,2018
277,SLV,91.30619812,2019
278,GNQ,94.84261322,2000
279,GNQ,97.18399811,2010
280,ERI,65.39012146,2002
281,ERI,75.07241058,2008
282,ERI,84.37323761,2018
283,EST,99.87597656,1989
284,EST,99.77594757,2000
285,EST,99.85897827,2011
286,SWZ,57.38439178,1976
287,SWZ,69.68347168,1986
288,SWZ,83.15461731,2000
289,SWZ,83.90014648,2010
290,SWZ,88.2875824,2018
291,ETH,35.98252869,1994
292,ETH,50,2004
293,ETH,41.9366188,2005
294,ETH,49.13465881,2007
295,ETH,59.24145889,2017
296,GAB,79.44418335,1993
297,GAB,84.87329865,2012
298,GAB,85.85234833,2018
299,GMB,48.98115158,2000
300,GMB,51.41804123,2013
301,GMB,61.76725006,2015
302,GEO,99.76898193,2002
303,GEO,99.66821289,2014
304,GEO,99.43752289,2017
305,GEO,99.68112183,2019
306,GHA,66.35128021,2000
307,GHA,78.34890747,2010
308,GHA,83.52458191,2018
309,GRC,96.063797,1981
310,GRC,96.03746033,1991
311,GRC,97.81121826,2001
312,GRC,95.45005798,2005
313,GRC,96.15756989,2007
314,GRC,96.06622314,2009
315,GRC,98.2821579,2011
316,GRC,98.50704956,2018
317,GRD,98.04715729,1970
318,GRD,98.58000183,1984
319,GRD,98.58000183,1994
320,GRD,98.58000183,2004
321,GRD,98.58000183,2014
322,GUM,96.38265991,1980
323,GUM,99.41710663,1990
324,GTM,71.70639038,1994
325,GTM,75.41558075,2002
326,GTM,84.84873199,2012
327,GTM,82.72068024,2013
328,GTM,86.75615692,2014
329,GTM,85.34117889,2018
330,GIN,32.89533997,1996
331,GIN,42.9031601,2003
332,GIN,36.78979111,2010
333,GIN,43.64009094,2014
334,GIN,54.43117142,2018
335,GNB,33.34894943,1979
336,GNB,57.61375046,2000
337,GNB,62.15797043,2014
338,GUY,82.43656158,2009
339,GUY,86.31437683,2014
340,HTI,37.12974167,1982
341,HTI,63.09001923,2003
342,HTI,53.35504913,2006
343,HTI,65.27764893,2016
344,HND,79.78523254,2001
345,HND,83.74603271,2007
346,HND,84.78900909,2010
347,HND,85.34127808,2011
348,HND,85.69619751,2012
349,HND,85.66837311,2013
350,HND,87.39595032,2014
351,HND,87.92208099,2015
352,HND,89.04894257,2016
353,HND,87.13764191,2018
354,HND,88.24963379,2019
355,HUN,99.30319214,1980
356,HUN,99.16000366,2014
357,IND,54.84101868,1981
358,IND,61.64191818,1991
359,IND,73.4118576,2001
360,IND,75.19190216,2006
361,IND,78.87722778,2011
362,IND,82.36670685,2018
363,IDN,77.47499847,1980
364,IDN,88.02452087,1990
365,IDN,94.03507996,2004
366,IDN,95.15853882,2006
367,IDN,95.38318634,2008
368,IDN,95.6470108,2009
369,IDN,95.59108734,2011
370,IDN,96.791008,2014
371,IDN,97.10652161,2015
372,IDN,97.17443848,2016
373,IDN,97.33133698,2018
374,IDN,97.4493103,2020
375,IRN,48.18333054,1976
376,IRN,63.09954834,1986
377,IRN,74.27448273,1991
378,IRN,79.87161255,1996
379,IRN,83.5,2002
380,IRN,88.01032257,2005
381,IRN,87.27218628,2006
382,IRN,88.17703247,2008
383,IRN,88.87982178,2012
384,IRN,89.54248047,2013
385,IRN,89.63542175,2014
386,IRN,90.35240936,2016
387,IRQ,84.08740997,2000
388,IRQ,85.90000153,2012
389,IRQ,81.40000153,2013
390,IRQ,90,2014
391,IRQ,90,2016
392,IRQ,91.19999695,2017
393,ISR,94.96340179,1983
394,ITA,97.46465302,1981
395,ITA,98.82369232,2001
396,ITA,99.14100647,2011
397,ITA,99.35344696,2018
398,JAM,74.08184052,1999
399,JAM,83.44000244,2014
400,JOR,80.48261261,1979
401,JOR,95.08450317,2003
402,JOR,95.17645264,2005
403,JOR,95.49455261,2007
404,JOR,95.76724243,2010
405,JOR,97.74835968,2011
406,JOR,98.44455719,2012
407,JOR,98.61421204,2018
408,KAZ,99.07195282,1989
409,KAZ,99.76329803,1999
410,KAZ,99.78624725,2009
411,KAZ,99.8296814,2010
412,KAZ,99.8296814,2018
413,KEN,87.49465942,2000
414,KEN,78.07914734,2007
415,KEN,83.7780304,2014
416,KEN,84.98883057,2018
417,KWT,68.02863312,1975
418,KWT,72.78765106,1980
419,KWT,78.19730377,1985
420,KWT,81.12094879,1995
421,KWT,94.44603729,2005
422,KWT,94.52522278,2006
423,KWT,94.79457855,2007
424,KWT,95.01587677,2008
425,KWT,95.54531097,2010
426,KWT,95.83972168,2012
427,KWT,96.35418701,2013
428,KWT,96.39225006,2015
429,KWT,96.69714355,2017
430,KWT,96.66645813,2018
431,KWT,97.05384827,2020
432,KGZ,99.30670929,1999
433,KGZ,99.5187912,2009
434,KGZ,99.67700958,2018
435,LAO,73.48625183,1995
436,LAO,81.36018372,2000
437,LAO,77.00605774,2001
438,LAO,82.45175171,2005
439,LAO,67.35858154,2011
440,LAO,89.96128082,2015
441,LVA,99.7543335,1989
442,LVA,99.79334259,2000
443,LVA,99.88110352,2011
444,LVA,99.86837006,2018
445,LBN,93.37893677,2007
446,LBN,94.27194977,2009
447,LBN,96.85466003,2018
448,LSO,79.99578094,2000
449,LSO,65.5219574,2009
450,LSO,67.74746704,2014
451,LBR,44.87931824,1984
452,LBR,60.77481079,2007
453,LBR,62.69655991,2017
454,LBY,76.99263,1984
455,LBY,87.72000122,1994
456,LBY,93.84999847,2004
457,LTU,99.20681,1989
458,LTU,99.64315033,2001
459,LTU,99.79418945,2011
460,MAC,92.80967712,1981
461,MAC,95.27620697,2001
462,MAC,96.46999359,2006
463,MAC,97.75128937,2011
464,MAC,98.18592072,2016
465,MDG,76.53832245,2000
466,MDG,63.34706879,2005
467,MDG,67.41731262,2009
468,MDG,75.02886963,2012
469,MDG,78.37828064,2018
470,MWI,65.27950287,1987
471,MWI,74.92640686,1998
472,MWI,72.09764862,2010
473,MWI,75.97926331,2014
474,MWI,69.75396729,2015
475,MYS,78.14633179,1980
476,MYS,88.56298828,1991
477,MYS,91.96923828,2000
478,MYS,95.43374634,2010
479,MYS,96.29699707,2016
480,MYS,96.49912262,2017
481,MYS,96.12304688,2018
482,MYS,96.21800232,2019
483,MDV,82.40484619,1977
484,MDV,92.11401367,1985
485,MDV,95.89713287,1990
486,MDV,96.21227264,1995
487,MDV,98.36569214,2006
488,MDV,98.52033997,2014
489,MDV,97.29892731,2016
490,MLI,13.51292038,1976
491,MLI,26.73296928,1998
492,MLI,32.70000076,2003
493,MLI,34.85789108,2006
494,MLI,43.40063095,2010
495,MLI,43.52046967,2011
496,MLI,45.06592178,2015
497,MLI,46.18413925,2018
498,MLI,40.43405151,2020
499,MLT,86.55354309,1985
500,MLT,86.43028259,1995
501,MLT,91.18657684,2005
502,MLT,91.79264832,2011
503,MLT,93.00997162,2018
504,MHL,98.3250885,2011
505,MRT,59.54032898,2000
506,MRT,57.4043808,2007
507,MRT,67.95720673,2013
508,MRT,63.74855042,2017
509,MUS,85.14575195,1990
510,MUS,88.2278595,2000
511,MUS,91.95172119,2011
512,MUS,94.65241241,2012
513,MUS,94.03688812,2013
514,MUS,94.76538086,2014
515,MUS,94.86116791,2015
516,MUS,95.43585968,2016
517,MUS,93.35735321,2018
518,MEX,86.24265289,1980
519,MEX,90.34739685,1990
520,MEX,92.55937195,2000
521,MEX,91.99780273,2002
522,MEX,92.44960785,2004
523,MEX,93.1904068,2005
524,MEX,93.90119934,2006
525,MEX,94.44151306,2007
526,MEX,94.59216309,2008
527,MEX,94.91657257,2009
528,MEX,94.38394165,2010
529,MEX,94.78276825,2011
530,MEX,95.39163208,2012
531,MEX,95.11210632,2013
532,MEX,95.62046814,2014
533,MEX,95.54933167,2015
534,MEX,95.84481812,2016
535,MEX,95.87236786,2017
536,MEX,96.23290253,2018
537,MEX,96.05874634,2020
538,MDA,98.61405182,1989
539,MDA,97.97762299,2000
540,MDA,99.60201263,2014
541,MNG,98.01677704,2000
542,MNG,98.17469788,2010
543,MNG,98.18601227,2018
544,MNG,99.12138367,2020
545,MNE,96.32053375,1981
546,MNE,89.28208923,1991
547,MNE,99.30319214,2003
548,MNE,99.43121338,2011
549,MNE,99.45046997,2018
550,MAR,43.7143898,1982
551,MAR,55.15517044,1994
552,MAR,65.70675659,2004
553,MAR,68.36585999,2008
554,MAR,68.9176178,2009
555,MAR,76.07357788,2011
556,MAR,80.38336182,2012
557,MAR,75.36726379,2014
558,MAR,83.30135345,2018
559,MOZ,43.77833176,1980
560,MOZ,54.81887817,1997
561,MOZ,65.57710266,2003
562,MOZ,67.35469818,2009
563,MOZ,70.75839233,2015
564,MOZ,72.59944916,2017
565,MMR,85.7883606,1983
566,MMR,93.924263,2000
567,MMR,80.01158905,2016
568,MMR,92.39292908,2019
569,NAM,77.80812073,1991
570,NAM,86.55522919,2001
571,NAM,74.32834625,2007
572,NAM,88.63123322,2011
573,NAM,91.62741852,2018
574,NPL,31.67275047,1981
575,NPL,49.22002029,1991
576,NPL,62.70801163,2001
577,NPL,71.70838165,2011
578,NPL,78.59133911,2018
579,NCL,92.19094086,1976
580,NCL,94.04418945,1989
581,NCL,96.78476715,1996
582,NCL,98.13999939,2014
583,NIC,76.76049042,2001
584,NIC,78.09642792,2005
585,NIC,82.43855286,2015
586,NER,19.64006042,2001
587,NER,42.92736816,2005
588,NER,39.05868912,2012
589,NER,43.59405899,2018
590,NGA,67.65373993,1991
591,NGA,66.76743317,2003
592,NGA,76.13186646,2006
593,NGA,61.25405121,2008
594,NGA,71.25570679,2018
595,PRK,99.99887848,2008
596,MKD,97.23235321,1994
597,MKD,98.21278381,2002
598,MKD,98.80999756,2014
599,MKD,99.11786652,2020
600,OMN,86.86234283,2003
601,OMN,89.99932098,2008
602,OMN,90.24302673,2010
603,OMN,94.99073792,2014
604,OMN,96.63287354,2015
605,OMN,96.63082886,2016
606,OMN,97.02387238,2017
607,OMN,96.98941803,2018
608,PAK,35.38064957,1981
609,PAK,55.29661179,1998
610,PAK,64.06047821,2005
611,PAK,67.65184021,2006
612,PAK,65.00493622,2007
613,PAK,68.8660965,2008
614,PAK,68.62761688,2009
615,PAK,68.90061188,2010
616,PAK,66.99114227,2011
617,PAK,69.85822296,2012
618,PAK,68.62934113,2013
619,PAK,69.06681061,2014
620,PAK,71.11599731,2017
621,PAK,69.27658081,2018
622,PAK,69.28746033,2019
623,PLW,93.2873764,1980
624,PLW,99.46720886,2013
625,PLW,96.81275177,2015
626,PSE,92.24852753,1997
627,PSE,96.07893372,2004
628,PSE,97.08058929,2006
629,PSE,97.10471344,2007
630,PSE,97.20130157,2008
631,PSE,97.31667328,2009
632,PSE,97.52520752,2010
633,PSE,97.74404907,2011
634,PSE,98.06757355,2012
635,PSE,98.26705933,2013
636,PSE,98.27913666,2014
637,PSE,98.37687683,2015
638,PSE,98.50679016,2016
639,PSE,98.52600861,2017
640,PSE,98.65782166,2018
641,PSE,98.80442047,2019
642,PSE,98.79380035,2020
643,PAN,88.09651947,1980
644,PAN,89.33695984,1990
645,PAN,92.54792786,2000
646,PAN,94.70741272,2010
647,PAN,95.96893311,2018
648,PAN,96.14089966,2019
649,PNG,63.44522095,2000
650,PNG,65.29000092,2010
651,PRY,81.08306885,1982
652,PRY,92.00015259,1992
653,PRY,95.71237946,2007
654,PRY,94.12631989,2008
655,PRY,94.36772919,2009
656,PRY,94.8131485,2010
657,PRY,94.81725311,2012
658,PRY,95.6661911,2013
659,PRY,95.87412262,2014
660,PRY,96.25430298,2015
661,PRY,95.47605896,2016
662,PRY,94.51148224,2018
663,PRY,93.78816986,2019
664,PRY,94.92147064,2020
665,PER,90.1435318,1981
666,PER,92.85101318,1993
667,PER,93.46070099,2004
668,PER,93.7183075,2005
669,PER,94.22582245,2006
670,PER,94.85703278,2007
671,PER,96.95012665,2012
672,PER,96.94898224,2014
673,PER,97.10637665,2015
674,PER,97.1884613,2016
675,PER,97.03974152,2017
676,PER,97.12136841,2018
677,PER,96.98989105,2020
678,PHL,83.88928986,1980
679,PHL,93.97168732,1990
680,PHL,93.30285645,1994
681,PHL,92.54499817,2000
682,PHL,91.63449097,2003
683,PHL,95.01213074,2008
684,PHL,96.00833893,2013
685,PHL,98.12325287,2015
686,PHL,95.70572662,2019
687,POL,99.27516937,1978
688,POL,99.27516937,1988
689,POL,99.27516937,1998
690,POL,99.27516937,2008
691,PRT,84.83334351,1981
692,PRT,91.58705902,1991
693,PRT,96.2855835,2011
694,PRT,97.35362244,2018
695,PRI,87.74803162,1980
696,PRI,89.50269318,1990
697,PRI,91.33078003,2010
698,PRI,92.38996124,2017
699,QAT,76.79582977,1986
700,QAT,84.24456024,1997
701,QAT,86.73982239,2004
702,QAT,89.95789337,2007
703,QAT,91.43579102,2008
704,QAT,91.36682129,2009
705,QAT,91.74861908,2010
706,QAT,91.65413666,2011
707,QAT,89.9982605,2012
708,QAT,90.34342957,2013
709,QAT,91.04651642,2014
710,QAT,92.88156128,2016
711,QAT,93.14446259,2017
712,ROU,98.53202057,1992
713,ROU,98.40440369,2002
714,ROU,99.0342865,2011
715,ROU,99.10800934,2018
716,RUS,99.45623779,1989
717,RUS,99.69407654,2002
718,RUS,99.72830963,2010
719,RUS,99.72515869,2018
720,RWA,50.82326126,1978
721,RWA,71.41938019,2000
722,RWA,71.13053894,2010
723,RWA,72.4451828,2012
724,RWA,76.14972687,2014
725,RWA,77.55879974,2018
726,WSM,98.41568756,1991
727,WSM,98.88191986,2011
728,WSM,98.95609283,2018
729,STP,73.14115143,1981
730,STP,85.24964142,1991
731,STP,92.23467255,2001
732,STP,80.33023834,2008
733,STP,94.95616913,2012
734,STP,96.16268158,2018
735,SAU,79.96852875,1992
736,SAU,87.06076813,2000
737,SAU,87.53204346,2004
738,SAU,96.53143311,2013
739,SAU,97.10370636,2017
740,SAU,98.62293243,2020
741,SEN,36.90288162,1988
742,SEN,51.05152893,2002
743,SEN,52.25848007,2006
744,SEN,59.78427124,2009
745,SEN,66.03601074,2011
746,SEN,53.9004097,2013
747,SEN,64.81227875,2017
748,SRB,98.90718079,2003
749,SRB,99.26464081,2011
750,SRB,99.49970245,2016
751,SRB,99.87580872,2019
752,SYC,82.93166351,1987
753,SYC,87.01515961,1994
754,SYC,91.40731812,2002
755,SYC,93.46392059,2010
756,SYC,95.41175842,2018
757,SLE,46.65428925,2004
758,SLE,41.33216858,2013
759,SLE,51.6468811,2018
760,SGP,91.56623077,1980
761,SGP,95.09316254,1990
762,SGP,96.56510162,2000
763,SGP,98.03713989,2010
764,SGP,98.39283752,2011
765,SGP,98.46945953,2012
766,SGP,98.5425415,2013
767,SGP,98.60901642,2014
768,SGP,98.55957031,2015
769,SGP,98.73446655,2016
770,SGP,98.79692078,2017
771,SGP,98.85089874,2018
772,SGP,98.90351868,2019
773,SVN,99.60208893,1991
774,SVN,99.69000244,2004
775,SVN,99.69000244,2014
776,SLB,83.69999695,1999
777,SLB,83.69999695,2009
778,SOM,7.198440075,1972
779,ZAF,77.52559662,1980
780,ZAF,84.07138062,1996
781,ZAF,90.71759033,2007
782,ZAF,94.12145996,2009
783,ZAF,94.14385223,2010
784,ZAF,94.24508667,2011
785,ZAF,94.96372223,2012
786,ZAF,95.28684998,2014
787,ZAF,95.39653015,2015
788,ZAF,87.67774963,2017
789,ZAF,95.54537201,2019
790,KOR,98.31552124,2008
791,SSD,34.83692932,2008
792,SSD,40.26480865,2018
793,ESP,95.8975296,1981
794,ESP,98.03549194,1991
795,ESP,98.14391327,2004
796,ESP,98.61746979,2005
797,ESP,98.56102753,2006
798,ESP,98.633461,2007
799,ESP,98.40229797,2008
800,ESP,98.46193695,2009
801,ESP,98.52571106,2010
802,ESP,98.53618622,2011
803,ESP,98.60652924,2012
804,ESP,98.74874878,2013
805,ESP,98.73126984,2014
806,ESP,98.77088928,2015
807,ESP,98.83596802,2016
808,ESP,98.92539215,2018
809,ESP,99.02506256,2020
810,LKA,91.3483963,1981
811,LKA,92.27020264,2001
812,LKA,92.71365356,2006
813,LKA,92.243927,2008
814,LKA,92.57846832,2010
815,LKA,93.45588684,2016
816,LKA,92.98055267,2017
817,LKA,92.77292633,2018
818,LKA,93.03135681,2019
819,SDN,71.58101654,2000
820,SDN,59.79824829,2008
821,SDN,65.43515015,2018
822,SUR,92.0163269,2004
823,SUR,95.49294281,2008
824,SUR,95.36479187,2010
825,SUR,94.86987305,2012
826,SUR,96.07404327,2018
827,SYR,73.58422089,1981
828,SYR,91.02857208,2002
829,SYR,87.75814056,2004
830,TJK,98.79109192,1989
831,TJK,99.68399048,2000
832,TJK,99.81999969,2014
833,TZA,71.3657074,1988
834,TZA,77.50640106,2002
835,TZA,75.46779633,2010
836,TZA,83.37769318,2012
837,TZA,83.20484924,2015
838,THA,92.21295929,1980
839,THA,94.90157318,2000
840,THA,95.60024261,2005
841,THA,96.43502045,2010
842,THA,95.25125885,2013
843,THA,94.65911865,2015
844,THA,95.20239258,2018
845,TLS,45.29999924,2001
846,TLS,58.5,2007
847,TLS,63.59178925,2010
848,TLS,71.86872101,2018
849,TGO,68.72573853,2000
850,TGO,70.2702713,2006
851,TGO,71.16635132,2009
852,TGO,74.05682373,2011
853,TGO,77.25942993,2015
854,TGO,79.99169159,2019
855,TON,99.65866089,1976
856,TON,98.83406067,1996
857,TON,98.95388031,2006
858,TON,99.33509827,2011
859,TON,99.35098267,2018
860,TTO,96.52153015,1980
861,TTO,98.00980377,1990
862,TTO,98.75,2000
863,TTO,99.13999939,2010
864,TUN,60.40723038,1984
865,TUN,83.38509369,2004
866,TUN,86.05368042,2007
867,TUN,86.37580872,2008
868,TUN,87.37573242,2010
869,TUN,87.76075745,2011
870,TUN,88.47577667,2012
871,TUN,86.06011963,2014
872,TUR,77.50393677,1975
873,TUR,81.44944,1980
874,TUR,87.61972046,1985
875,TUR,89.84703064,1990
876,TUR,95.27349091,2004
877,TUR,96.00061798,2005
878,TUR,95.99562073,2006
879,TUR,96.20185852,2007
880,TUR,96.37770844,2009
881,TUR,97.29981232,2010
882,TUR,97.93498993,2011
883,TUR,98.26290131,2012
884,TUR,98.40136719,2013
885,TUR,98.49678802,2014
886,TUR,98.57562256,2015
887,TUR,98.77583313,2016
888,TUR,98.81996155,2017
889,TUR,99.07530975,2019
890,TKM,99.32498169,1995
891,TKM,99.75,2014
892,UGA,68.1980896,1991
893,UGA,78.30402374,2002
894,UGA,81.38858795,2006
895,UGA,82.63139343,2010
896,UGA,79.12303925,2012
897,UGA,82.65601349,2018
898,UKR,99.74343109,2001
899,UKR,99.99394226,2012
900,ARE,58.3861084,1975
901,ARE,72.27427673,1985
902,ARE,89.48210144,2005
903,ARE,98.02413177,2019
904,URY,93.38825989,1975
905,URY,94.83361053,1985
906,URY,96.24452972,1996
907,URY,97.44477844,2006
908,URY,97.42169189,2007
909,URY,97.83128357,2008
910,URY,97.97241974,2009
911,URY,97.61016846,2010
912,URY,98.02310944,2011
913,URY,98.10397339,2012
914,URY,98.06342316,2013
915,URY,98.02507019,2014
916,URY,98.1459198,2015
917,URY,98.24452972,2016
918,URY,98.23419189,2017
919,URY,98.37136078,2018
920,URY,98.4809494,2019
921,UZB,99.16443634,2000
922,UZB,99.99382782,2013
923,UZB,99.98519135,2014
924,UZB,99.99204254,2015
925,UZB,99.99487305,2016
926,UZB,99.99997711,2018
927,UZB,99.99994659,2019
928,VUT,57.33509827,1979
929,VUT,62.31000137,1984
930,VUT,71.76999664,1994
931,VUT,80.48000336,2004
932,VUT,86.18000031,2014
933,VUT,88.30635071,2018
934,VEN,86.48932648,1981
935,VEN,90.6725235,1990
936,VEN,93.25744629,2001
937,VEN,95.38172913,2007
938,VEN,95.67536926,2009
939,VEN,94.50231934,2011
940,VEN,96.65107727,2015
941,VEN,97.03910828,2016
942,VNM,90.38147736,1979
943,VNM,93.00299072,1989
944,VNM,93.91825867,1999
945,VNM,93.93267822,2000
946,VNM,95.78533173,2009
947,VNM,96.99069977,2019
948,YEM,56.72475052,1994
949,YEM,73.16000366,2004
950,ZMB,73.037323,1990
951,ZMB,76.25402069,1999
952,ZMB,80.91285706,2002
953,ZMB,71.31761932,2007
954,ZMB,88.68402863,2010
955,ZMB,90.60118103,2018
956,ZWE,84.17462921,1982
957,ZWE,88.89337921,1992
958,ZWE,87.76480865,2011
959,ZWE,89.1853714,2014
960,AFG,4.987460136413574,1979
961,AFG,17.017839431762695,2011
962,AFG,22.600780487060547,2021
963,ALB,98.25227355957031,2001
964,ALB,94.68180847167969,2008
965,ALB,95.69148254394531,2011
966,ALB,96.13607025146484,2012
967,ALB,97.76112365722656,2018
968,DZA,35.83992004394531,1987
969,DZA,60.07508087158203,2002
970,DZA,63.91878890991211,2006
971,DZA,67.54875183105469,2008
972,DZA,75.32296752929688,2018
973,ASM,97.21990966796875,1980
974,AGO,54.194488525390625,2001
975,AGO,53.40721130371094,2014
976,ATG,99.41999816894531,2001
977,ATG,99.41999816894531,2011
978,ATG,99.41999816894531,2015
979,ARG,93.58088684082031,1980
980,ARG,95.91699981689453,1991
981,ARG,97.19341278076172,2001
982,ARG,98.51077270507812,2006
983,ARG,99.00176239013672,2009
984,ARG,98.92807006835938,2010
985,ARG,98.99983978271484,2011
986,ARG,99.0999526977539,2012
987,ARG,99.0912094116211,2013
988,ARG,98.93282318115234,2014
989,ARG,99.20877075195312,2015
990,ARG,99.14309692382812,2016
991,ARG,99.06204223632812,2018
992,ARM,98.15013885498047,1989
993,ARM,99.16107177734375,2001
994,ARM,99.69035339355469,2011
995,ARM,99.67716217041016,2017
996,ARM,99.7445068359375,2020
997,ABW,97.07135772705078,2000
998,ABW,96.71977996826172,2010
999,ABW,97.81268310546875,2018
1000,AZE,98.1747817993164,1999
1001,AZE,99.38394165039062,2007
1002,AZE,99.6821517944336,2009
1003,AZE,99.692626953125,2010
1004,AZE,99.70496368408203,2011
1005,AZE,99.7028579711914,2012
1006,AZE,99.7168197631836,2013
1007,AZE,99.71965789794922,2014
1008,AZE,99.7171401977539,2015
1009,AZE,99.71955108642578,2016
1010,AZE,99.72199249267578,2017
1011,AZE,99.72675323486328,2019
1012,BHR,58.59109115600586,1981
1013,BHR,76.93231964111328,1991
1014,BHR,83.55741882324219,2001
1015,BHR,89.01043701171875,2010
1016,BGD,17.971630096435547,1981
1017,BGD,25.838979721069336,1991
1018,BGD,40.82334899902344,2001
1019,BGD,43.740848541259766,2007
1020,BGD,55.11943817138672,2011
1021,BGD,54.23603820800781,2012
1022,BGD,57.78900146484375,2013
1023,BGD,57.860931396484375,2014
1024,BGD,62.25299072265625,2015
1025,BGD,69.89720916748047,2016
1026,BGD,70.08570098876953,2017
1027,BGD,71.18193817138672,2018
1028,BGD,71.9483871459961,2019
1029,BGD,72.0047836303711,2020
1030,BRB,99.25155639648438,1970
1031,BRB,99.5999984741211,1984
1032,BRB,99.5999984741211,1994
1033,BRB,99.5999984741211,2004
1034,BRB,99.5999984741211,2014
1035,BLR,96.62821960449219,1989
1036,BLR,99.41972351074219,1999
1037,BLR,99.49398803710938,2009
1038,BLR,99.87651062011719,2019
1039,BLZ,70.3283920288086,1991
1040,BLZ,77.12272644042969,2000
1041,BEN,9.538960456848145,1979
1042,BEN,16.565120697021484,1992
1043,BEN,23.300140380859375,2002
1044,BEN,18.442909240722656,2006
1045,BEN,22.09387969970703,2012
1046,BEN,31.0716495513916,2018
1047,BTN,38.680660247802734,2005
1048,BTN,45.20450973510742,2012
1049,BTN,57.0836181640625,2017
1050,BOL,51.37464904785156,1976
1051,BOL,72.31321716308594,1992
1052,BOL,80.65438079833984,2001
1053,BOL,85.9859390258789,2007
1054,BOL,86.83174896240234,2008
1055,BOL,86.82145690917969,2009
1056,BOL,88.0802001953125,2011
1057,BOL,91.8732681274414,2012
1058,BOL,88.5828628540039,2015
1059,BIH,81.9593276977539,1991
1060,BIH,94.35993957519531,2000
1061,BIH,96.8037109375,2011
1062,BIH,94.91049194335938,2013
1063,BWA,71.29924011230469,1991
1064,BWA,81.80795288085938,2003
1065,BWA,87.45121002197266,2013
1066,BRA,72.8531494140625,1980
1067,BRA,86.50005340576172,2000
1068,BRA,88.8061294555664,2004
1069,BRA,89.8555908203125,2006
1070,BRA,90.22801208496094,2007
1071,BRA,90.21955108642578,2008
1072,BRA,90.41121673583984,2009
1073,BRA,90.68170166015625,2010
1074,BRA,91.63314819335938,2011
1075,BRA,91.6249008178711,2012
1076,BRA,91.76496124267578,2013
1077,BRA,92.06051635742188,2014
1078,BRA,92.34378814697266,2015
1079,BRA,93.02120208740234,2016
1080,BRA,93.24371337890625,2017
1081,BRA,93.4250717163086,2018
1082,BRN,68.84182739257812,1981
1083,BRN,82.46135711669922,1991
1084,BRN,90.16155242919922,2001
1085,BRN,94.65248107910156,2011
1086,BRN,96.30126190185547,2018
1087,BGR,97.70648956298828,2001
1088,BGR,97.98390197753906,2011
1089,BFA,3.390589952468872,1975
1090,BFA,8.22542953491211,1991
1091,BFA,8.057979583740234,1996
1092,BFA,15.188770294189453,2003
1093,BFA,16.62224006652832,2005
1094,BFA,16.29113006591797,2006
1095,BFA,21.027219772338867,2007
1096,BFA,26.22024917602539,2014
1097,BFA,31.04408073425293,2018
1098,BDI,11.983570098876953,1979
1099,BDI,27.529300689697266,1990
1100,BDI,52.23775863647461,2000
1101,BDI,43.157188415527344,2008
1102,BDI,54.641658782958984,2014
1103,BDI,61.223690032958984,2017
1104,KHM,56.99250030517578,1998
1105,KHM,64.05098724365234,2004
1106,KHM,69.58641052246094,2008
1107,KHM,69.10901641845703,2009
1108,KHM,71.78179931640625,2014
1109,KHM,75.03386688232422,2015
1110,CMR,29.116130828857422,1976
1111,CMR,58.72175979614258,2000
1112,CMR,63.02206039428711,2007
1113,CMR,64.79949951171875,2010
1114,CMR,71.58627319335938,2018
1115,CPV,52.998619079589844,1990
1116,CPV,69.4445571899414,2000
1117,CPV,80.49622344970703,2012
1118,CPV,82.04222106933594,2015
1119,CYM,99.02147674560547,2007
1120,CAF,8.399580001831055,1975
1121,CAF,20.33687973022461,1988
1122,CAF,35.29090118408203,2000
1123,CAF,24.35548973083496,2010
1124,CAF,25.756380081176758,2018
1125,TCD,4.591829776763916,1993
1126,TCD,12.796420097351074,2000
1127,TCD,17.980579376220703,2004
1128,TCD,13.933409690856934,2015
1129,TCD,13.955229759216309,2016
1130,CHL,90.80011749267578,1982
1131,CHL,94.03671264648438,1992
1132,CHL,95.64093017578125,2002
1133,CHL,97.74205780029297,2008
1134,CHL,97.40083312988281,2009
1135,CHL,96.53070831298828,2011
1136,CHL,96.16175079345703,2013
1137,CHL,96.74395751953125,2015
1138,CHL,96.33402252197266,2017
1139,CHN,51.136810302734375,1982
1140,CHN,68.07208251953125,1990
1141,CHN,86.52660369873047,2000
1142,CHN,92.71122741699219,2010
1143,CHN,95.15933227539062,2018
1144,COL,91.14790344238281,1993
1145,COL,91.31400299072266,1996
1146,COL,92.71463012695312,2004
1147,COL,92.91124725341797,2005
1148,COL,92.22059631347656,2006
1149,COL,92.84561920166016,2007
1150,COL,93.43537139892578,2008
1151,COL,93.41513061523438,2009
1152,COL,93.4867935180664,2010
1153,COL,93.66712951660156,2011
1154,COL,94.48465728759766,2014
1155,COL,94.41581726074219,2015
1156,COL,94.89022064208984,2016
1157,COL,95.31891632080078,2018
1158,COL,95.46903228759766,2019
1159,COL,95.87506103515625,2020
1160,COM,40.31761932373047,1980
1161,COM,63.45901870727539,2000
1162,COM,42.637290954589844,2012
1163,COM,52.956390380859375,2018
1164,COG,49.001338958740234,1984
1165,COG,67.48076629638672,2005
1166,COG,72.87705993652344,2011
1167,COG,74.61875915527344,2018
1168,CRI,92.57713317871094,1984
1169,CRI,95.0807876586914,2000
1170,CRI,97.50041198730469,2011
1171,CRI,97.92443084716797,2018
1172,CIV,23.433780670166016,1988
1173,CIV,28.476669311523438,1998
1174,CIV,38.61450958251953,2000
1175,CIV,30.461719512939453,2012
1176,CIV,36.78424835205078,2014
1177,CIV,86.74124908447266,2019
1178,HRV,94.81722259521484,1991
1179,HRV,97.08390045166016,2001
1180,HRV,98.66590881347656,2011
1181,CUB,99.7909164428711,2002
1182,CUB,99.79988098144531,2012
1183,CYP,91.00177764892578,1992
1184,CYP,95.07965850830078,2001
1185,CYP,98.11622619628906,2011
1186,COD,54.0609016418457,2001
1187,COD,46.104251861572266,2007
1188,COD,62.91864013671875,2012
1189,COD,66.4999771118164,2016
1190,DOM,72.53607940673828,1981
1191,DOM,87.17709350585938,2002
1192,DOM,88.27716827392578,2007
1193,DOM,89.69730377197266,2010
1194,DOM,90.22557067871094,2011
1195,DOM,90.22416687011719,2012
1196,DOM,91.2505111694336,2013
1197,DOM,92.14778900146484,2014
1198,DOM,92.32106018066406,2015
1199,DOM,93.76412963867188,2016
1200,ECU,80.40522766113281,1982
1201,ECU,86.19332885742188,1990
1202,ECU,89.69709014892578,2001
1203,ECU,90.86557006835938,2007
1204,ECU,91.12256622314453,2008
1205,ECU,90.91754913330078,2009
1206,ECU,90.47010803222656,2010
1207,ECU,90.22081756591797,2011
1208,ECU,90.9516830444336,2012
1209,ECU,92.21807861328125,2013
1210,ECU,93.25386047363281,2014
1211,ECU,93.25662231445312,2015
1212,ECU,93.31452941894531,2016
1213,ECU,92.0866928100586,2017
1214,ECU,92.49024200439453,2020
1215,EGY,22.43800926208496,1976
1216,EGY,31.392669677734375,1986
1217,EGY,43.59531021118164,1996
1218,EGY,56.121551513671875,2005
1219,EGY,57.81190872192383,2006
1220,EGY,63.51580810546875,2010
1221,EGY,65.75666046142578,2012
1222,EGY,62.70521926879883,2013
1223,EGY,65.50569152832031,2017
1224,SLV,71.28053283691406,1992
1225,SLV,81.00382232666016,2006
1226,SLV,79.6621322631836,2007
1227,SLV,81.3594970703125,2008
1228,SLV,81.81794738769531,2009
1229,SLV,82.30802154541016,2010
1230,SLV,83.01564025878906,2011
1231,SLV,84.67034912109375,2013
1232,SLV,86.21710205078125,2015
1233,SLV,86.32642364501953,2016
1234,SLV,86.67363739013672,2017
1235,SLV,87.23413848876953,2018
1236,SLV,87.31858825683594,2019
1237,GNQ,81.62300109863281,2000
1238,GNQ,90.67607879638672,2010
1239,ERI,40.22441864013672,2002
1240,ERI,54.80107116699219,2008
1241,ERI,68.9461898803711,2018
1242,EST,99.60147857666016,1989
1243,EST,99.76006317138672,2000
1244,EST,99.90947723388672,2011
1245,SWZ,53.665958404541016,1976
1246,SWZ,65.2228775024414,1986
1247,SWZ,80.32875061035156,2000
1248,SWZ,82.44754791259766,2010
1249,SWZ,88.54268646240234,2018
1250,ETH,18.51498031616211,1994
1251,ETH,22.799999237060547,2004
1252,ETH,17.97719955444336,2005
1253,ETH,28.921640396118164,2007
1254,ETH,44.42338180541992,2017
1255,GAB,65.32630920410156,1993
1256,GAB,79.87896728515625,2012
1257,GAB,83.4239730834961,2018
1258,GMB,25.06155014038086,2000
1259,GMB,33.57535171508789,2013
1260,GMB,41.57701873779297,2015
1261,GEO,99.55284881591797,2002
1262,GEO,99.51457977294922,2014
1263,GEO,99.29474639892578,2017
1264,GEO,99.45179748535156,2019
1265,GHA,49.791961669921875,2000
1266,GHA,65.29469299316406,2010
1267,GHA,74.4743881225586,2018
1268,GRC,85.31999206542969,1981
1269,GRC,89.35330200195312,1991
1270,GRC,94.23941040039062,2001
1271,GRC,90.76541137695312,2005
1272,GRC,91.81246948242188,2007
1273,GRC,91.84761047363281,2009
1274,GRC,96.50211334228516,2011
1275,GRC,97.39409637451172,2018
1276,GRD,97.58978271484375,1970
1277,GRD,98.5999984741211,1984
1278,GRD,98.5999984741211,1994
1279,GRD,98.5999984741211,2004
1280,GRD,98.5999984741211,2014
1281,GUM,96.46308135986328,1980
1282,GUM,99.30850219726562,1990
1283,GTM,57.292659759521484,1994
1284,GTM,63.34138107299805,2002
1285,GTM,72.42803955078125,2012
1286,GTM,72.1275863647461,2013
1287,GTM,76.37065887451172,2014
1288,GTM,76.72338104248047,2018
1289,GIN,9.743069648742676,1996
1290,GIN,18.238679885864258,2003
1291,GIN,12.191949844360352,2010
1292,GIN,21.962249755859375,2014
1293,GIN,27.69256019592285,2018
1294,GNB,8.58825969696045,1979
1295,GNB,27.49420928955078,2000
1296,GNB,30.768510818481445,2014
1297,GUY,87.25198364257812,2009
1298,GUY,85.03460693359375,2014
1299,HTI,32.524959564208984,1982
1300,HTI,54.86146926879883,2003
1301,HTI,44.599449157714844,2006
1302,HTI,58.30052185058594,2016
1303,HND,80.22360229492188,2001
1304,HND,83.45276641845703,2007
1305,HND,84.72502899169922,2010
1306,HND,84.93026733398438,2011
1307,HND,85.05148315429688,2012
1308,HND,85.28472900390625,2013
1309,HND,87.02599334716797,2014
1310,HND,87.8936996459961,2015
1311,HND,88.93486022949219,2016
1312,HND,87.26555633544922,2018
1313,HND,88.73169708251953,2019
1314,HUN,98.45413208007812,1980
1315,HUN,99.0999984741211,2014
1316,IND,25.676250457763672,1981
1317,IND,33.729530334472656,1991
1318,IND,47.842098236083984,2001
1319,IND,50.823760986328125,2006
1320,IND,59.277320861816406,2011
1321,IND,65.79080963134766,2018
1322,IDN,57.69462966918945,1980
1323,IDN,75.2701187133789,1990
1324,IDN,86.79959106445312,2004
1325,IDN,88.78697967529297,2006
1326,IDN,89.10138702392578,2008
1327,IDN,89.67711639404297,2009
1328,IDN,90.0687026977539,2011
1329,IDN,93.45089721679688,2014
1330,IDN,93.33570861816406,2015
1331,IDN,93.58692169189453,2016
1332,IDN,93.99217987060547,2018
1333,IDN,94.55235290527344,2020
1334,IRN,24.423080444335938,1976
1335,IRN,41.03395080566406,1986
1336,IRN,56.15642166137695,1991
1337,IRN,66.06775665283203,1996
1338,IRN,70.4000015258789,2002
1339,IRN,76.80264282226562,2005
1340,IRN,77.24002075195312,2006
1341,IRN,77.69471740722656,2008
1342,IRN,78.41626739501953,2012
1343,IRN,79.7558364868164,2013
1344,IRN,79.83934783935547,2014
1345,IRN,80.78743743896484,2016
1346,IRQ,64.16950225830078,2000
1347,IRQ,69,2012
1348,IRQ,63.400001525878906,2013
1349,IRQ,74.5999984741211,2014
1350,IRQ,76.80000305175781,2016
1351,IRQ,79.9000015258789,2017
1352,ISR,88.67472076416016,1983
1353,ITA,95.53666687011719,1981
1354,ITA,98.04215240478516,2001
1355,ITA,98.5795669555664,2011
1356,ITA,98.97191619873047,2018
1357,JAM,85.87207794189453,1999
1358,JAM,92.69999694824219,2014
1359,JOR,52.11061096191406,1979
1360,JOR,84.71392059326172,2003
1361,JOR,87.00581359863281,2005
1362,JOR,88.90331268310547,2007
1363,JOR,89.2077407836914,2010
1364,JOR,93.93345642089844,2011
1365,JOR,97.37200927734375,2012
1366,JOR,97.83207702636719,2018
1367,KAZ,96.1387710571289,1989
1368,KAZ,99.28990173339844,1999
1369,KAZ,99.68428802490234,2009
1370,KAZ,99.7389907836914,2010
1371,KAZ,99.7389907836914,2018
1372,KEN,77.89298248291016,2000
1373,KEN,66.86312103271484,2007
1374,KEN,74.00631713867188,2014
1375,KEN,78.18892669677734,2018
1376,KWT,48.01520919799805,1975
1377,KWT,59.11050033569336,1980
1378,KWT,68.84937286376953,1985
1379,KWT,74.14871978759766,1995
1380,KWT,91.0425033569336,2005
1381,KWT,90.82862854003906,2006
1382,KWT,91.50348663330078,2007
1383,KWT,91.77864837646484,2008
1384,KWT,92.68093872070312,2010
1385,KWT,94.96524810791016,2012
1386,KWT,94.30116271972656,2013
1387,KWT,94.47004699707031,2015
1388,KWT,94.82576751708984,2017
1389,KWT,94.90515899658203,2018
1390,KWT,95.35169982910156,2020
1391,KGZ,98.13063049316406,1999
1392,KGZ,98.98120880126953,2009
1393,KGZ,99.49971771240234,2018
1394,LAO,47.90235900878906,1995
1395,LAO,58.46070098876953,2000
1396,LAO,60.90251922607422,2001
1397,LAO,63.22698974609375,2005
1398,LAO,49.723079681396484,2011
1399,LAO,79.39103698730469,2015
1400,LVA,99.18879699707031,1989
1401,LVA,99.70973205566406,2000
1402,LVA,99.90792083740234,2011
1403,LVA,99.90640258789062,2018
1404,LBN,85.96778106689453,2007
1405,LBN,88.0870590209961,2009
1406,LBN,93.30500793457031,2018
1407,LSO,92.04644775390625,2000
1408,LSO,84.96395874023438,2009
1409,LSO,84.93489074707031,2014
1410,LBR,19.30278968811035,1984
1411,LBR,27.034910202026367,2007
1412,LBR,34.09225845336914,2017
1413,LBY,42.31354904174805,1984
1414,LBY,63.70000076293945,1994
1415,LBY,77.80000305175781,2004
1416,LTU,97.7815933227539,1989
1417,LTU,99.64794158935547,2001
1418,LTU,99.83323669433594,2011
1419,MAC,86.21588134765625,1981
1420,MAC,87.77497100830078,2001
1421,MAC,90.72358703613281,2006
1422,MAC,93.7319107055664,2011
1423,MAC,95.0325698852539,2016
1424,MDG,65.27857208251953,2000
1425,MDG,54.75429916381836,2005
1426,MDG,61.64141082763672,2009
1427,MDG,68.2833023071289,2012
1428,MDG,75.0705795288086,2018
1429,MWI,33.52302169799805,1987
1430,MWI,53.99711990356445,1998
1431,MWI,51.25196838378906,2010
1432,MWI,55.13098907470703,2014
1433,MWI,55.20410919189453,2015
1434,MYS,61.24850082397461,1980
1435,MYS,77.28308868408203,1991
1436,MYS,85.35421752929688,2000
1437,MYS,90.7476806640625,2010
1438,MYS,93.36942291259766,2016
1439,MYS,93.55406951904297,2017
1440,MYS,93.50482940673828,2018
1441,MYS,93.64668273925781,2019
1442,MDV,82.17816162109375,1977
1443,MDV,92.3590087890625,1985
1444,MDV,96.14601135253906,1990
1445,MDV,96.44297790527344,1995
1446,MDV,98.42984771728516,2006
1447,MDV,98.6916732788086,2014
1448,MDV,98.11470794677734,2016
1449,MLI,5.7352800369262695,1976
1450,MLI,11.89342975616455,1998
1451,MLI,15.899999618530273,2003
1452,MLI,18.19091033935547,2006
1453,MLI,20.28792953491211,2010
1454,MLI,18.90468978881836,2011
1455,MLI,22.195810317993164,2015
1456,MLI,25.73516082763672,2018
1457,MLI,22.07847023010254,2020
1458,MLT,87.2861328125,1985
1459,MLT,89.24263763427734,1995
1460,MLT,93.5042495727539,2005
1461,MLT,94.7900390625,2011
1462,MLT,95.98872375488281,2018
1463,MHL,98.2029800415039,2011
1464,MRT,43.4173583984375,2000
1465,MRT,35.34843063354492,2007
1466,MRT,56.59244155883789,2013
1467,MRT,43.35438919067383,2017
1468,MUS,74.660888671875,1990
1469,MUS,80.50003051757812,2000
1470,MUS,86.65807342529297,2011
1471,MUS,88.9793472290039,2012
1472,MUS,89.05094146728516,2013
1473,MUS,90.28331756591797,2014
1474,MUS,90.65402221679688,2015
1475,MUS,90.98055267333984,2016
1476,MUS,89.36637878417969,2018
1477,MEX,79.89099884033203,1980
1478,MEX,84.9559097290039,1990
1479,MEX,88.68203735351562,2000
1480,MEX,88.72863006591797,2002
1481,MEX,89.63101959228516,2004
1482,MEX,90.21041107177734,2005
1483,MEX,89.83451080322266,2006
1484,MEX,91.35555267333984,2007
1485,MEX,91.45361328125,2008
1486,MEX,92.11624908447266,2009
1487,MEX,91.8534164428711,2010
1488,MEX,92.3382797241211,2011
1489,MEX,93.17923736572266,2012
1490,MEX,92.90393829345703,2013
1491,MEX,93.59133911132812,2014
1492,MEX,93.4854965209961,2015
1493,MEX,93.96852111816406,2016
1494,MEX,94.16575622558594,2017
1495,MEX,94.60804748535156,2018
1496,MEX,94.49513244628906,2020
1497,MDA,94.4444808959961,1989
1498,MDA,95.49230194091797,2000
1499,MDA,99.14041900634766,2014
1500,MNG,97.52880096435547,2000
1501,MNG,98.33663177490234,2010
1502,MNG,98.64888763427734,2018
1503,MNG,99.2410888671875,2020
1504,MNE,83.23545837402344,1981
1505,MNE,97.77604675292969,1991
1506,MNE,96.3188705444336,2003
1507,MNE,97.5005111694336,2011
1508,MNE,98.27134704589844,2018
1509,MAR,17.514869689941406,1982
1510,MAR,28.725419998168945,1994
1511,MAR,39.61956024169922,2004
1512,MAR,42.58784866333008,2008
1513,MAR,43.92108154296875,2009
1514,MAR,57.639991760253906,2011
1515,MAR,59.130638122558594,2012
1516,MAR,53.31092071533203,2014
1517,MAR,64.59137725830078,2018
1518,MOZ,12.096529960632324,1980
1519,MOZ,24.96419906616211,1997
1520,MOZ,33.1939582824707,2003
1521,MOZ,36.45227813720703,2009
1522,MOZ,43.062461853027344,2015
1523,MOZ,50.29513931274414,2017
1524,MMR,71.63086700439453,1983
1525,MMR,86.41517639160156,2000
1526,MMR,71.84699249267578,2016
1527,MMR,86.26860809326172,2019
1528,NAM,73.98660278320312,1991
1529,NAM,83.54032135009766,2001
1530,NAM,78.35098266601562,2007
1531,NAM,87.95105743408203,2011
1532,NAM,91.43643188476562,2018
1533,NPL,9.153120040893555,1981
1534,NPL,17.381790161132812,1991
1535,NPL,34.88676071166992,2001
1536,NPL,48.837589263916016,2011
1537,NPL,59.724430084228516,2018
1538,NCL,90.310791015625,1976
1539,NCL,92.07344055175781,1989
1540,NCL,95.46530151367188,1996
1541,NCL,97.5,2014
1542,NIC,76.6016616821289,2001
1543,NIC,77.9160385131836,2005
1544,NIC,82.77935028076172,2015
1545,NER,9.3993501663208,2001
1546,NER,15.084139823913574,2005
1547,NER,22.55129051208496,2012
1548,NER,26.649999618530273,2018
1549,NGA,43.72919845581055,1991
1550,NGA,43.32204818725586,2003
1551,NGA,64.2544937133789,2006
1552,NGA,41.38676071166992,2008
1553,NGA,52.65647888183594,2018
1554,PRK,99.99761199951172,2008
1555,MKD,90.92801666259766,1994
1556,MKD,94.05606842041016,2002
1557,MKD,96.69999694824219,2014
1558,MKD,97.60762023925781,2020
1559,OMN,73.53170776367188,2003
1560,OMN,80.87226104736328,2008
1561,OMN,81.80323028564453,2010
1562,OMN,88.92669677734375,2014
1563,OMN,86.0372085571289,2015
1564,OMN,90.94416046142578,2016
1565,OMN,92.22560119628906,2017
1566,OMN,92.6939926147461,2018
1567,PAK,14.771550178527832,1981
1568,PAK,29.043840408325195,1998
1569,PAK,35.36751937866211,2005
1570,PAK,39.61323165893555,2006
1571,PAK,38.457759857177734,2007
1572,PAK,40.081180572509766,2008
1573,PAK,40.31462097167969,2009
1574,PAK,41.01552963256836,2010
1575,PAK,41.97539138793945,2011
1576,PAK,43.07189178466797,2012
1577,PAK,41.97494125366211,2013
1578,PAK,44.28342056274414,2014
1579,PAK,46.46767044067383,2017
1580,PAK,45.398399353027344,2018
1581,PAK,46.49003982543945,2019
1582,PLW,90.50324249267578,1980
1583,PLW,99.52793884277344,2013
1584,PLW,96.34014892578125,2015
1585,PSE,79.76364135742188,1997
1586,PSE,88.7657470703125,2004
1587,PSE,89.75801086425781,2006
1588,PSE,90.34676361083984,2007
1589,PSE,90.75170135498047,2008
1590,PSE,91.4814682006836,2009
1591,PSE,91.84744262695312,2010
1592,PSE,92.24562072753906,2011
1593,PSE,93.21846008300781,2012
1594,PSE,93.77192687988281,2013
1595,PSE,94.09632873535156,2014
1596,PSE,94.53014373779297,2015
1597,PSE,94.88633728027344,2016
1598,PSE,95.28157806396484,2017
1599,PSE,95.74188995361328,2018
1600,PSE,95.91488647460938,2019
1601,PSE,96.20166778564453,2020
1602,PAN,88.0465316772461,1980
1603,PAN,88.21485137939453,1990
1604,PAN,91.24717712402344,2000
1605,PAN,93.48526000976562,2010
1606,PAN,94.88172149658203,2018
1607,PAN,95.35887908935547,2019
1608,PNG,50.91773986816406,2000
1609,PNG,57.900001525878906,2010
1610,PRY,75.85298156738281,1982
1611,PRY,88.55870819091797,1992
1612,PRY,93.4532699584961,2007
1613,PRY,92.49443054199219,2008
1614,PRY,93.14401245117188,2009
1615,PRY,92.92574310302734,2010
1616,PRY,93.58785247802734,2012
1617,PRY,94.46626281738281,2013
1618,PRY,94.21479797363281,2014
1619,PRY,94.87442016601562,2015
1620,PRY,93.83505249023438,2016
1621,PRY,93.53170776367188,2018
1622,PRY,92.65534210205078,2019
1623,PRY,94.18141174316406,2020
1624,PER,73.85833740234375,1981
1625,PER,81.65875244140625,1993
1626,PER,82.0626220703125,2004
1627,PER,82.4543685913086,2005
1628,PER,83.45487213134766,2006
1629,PER,84.64688110351562,2007
1630,PER,90.66883087158203,2012
1631,PER,90.44918060302734,2014
1632,PER,91.24652862548828,2015
1633,PER,91.18852996826172,2016
1634,PER,91.27012634277344,2017
1635,PER,91.70310974121094,2018
1636,PER,92.01902770996094,2020
1637,PHL,82.76215362548828,1980
1638,PHL,93.18071746826172,1990
1639,PHL,94.53865051269531,1994
1640,PHL,92.6549072265625,2000
1641,PHL,93.56452941894531,2003
1642,PHL,95.82563018798828,2008
1643,PHL,96.78736114501953,2013
1644,PHL,98.24175262451172,2015
1645,PHL,96.85243225097656,2019
1646,POL,98.25198364257812,1978
1647,POL,98.25198364257812,1988
1648,POL,98.25198364257812,1998
1649,POL,98.25198364257812,2008
1650,PRT,74.60798645019531,1981
1651,PRT,84.65821075439453,1991
1652,PRT,92.86077117919922,2011
1653,PRT,95.07251739501953,2018
1654,PRI,85.850341796875,1980
1655,PRI,89.73095703125,1990
1656,PRI,92.5301513671875,2010
1657,PRI,92.39002227783203,2017
1658,QAT,72.45894622802734,1986
1659,QAT,80.88867950439453,1997
1660,QAT,86.711181640625,2004
1661,QAT,90.43611907958984,2007
1662,QAT,89.13771057128906,2008
1663,QAT,90.15306854248047,2009
1664,QAT,91.89582061767578,2010
1665,QAT,90.24652862548828,2011
1666,QAT,90.81172180175781,2012
1667,QAT,91.72962951660156,2013
1668,QAT,92.45240020751953,2014
1669,QAT,94.20703887939453,2016
1670,QAT,94.71150970458984,2017
1671,ROU,94.9826889038086,1992
1672,ROU,96.26631927490234,2002
1673,ROU,98.20520782470703,2011
1674,ROU,98.59976959228516,2018
1675,RUS,96.75817108154297,1989
1676,RUS,99.22836303710938,2002
1677,RUS,99.64778137207031,2010
1678,RUS,99.7341079711914,2018
1679,RWA,26.573579788208008,1978
1680,RWA,59.75033950805664,2000
1681,RWA,61.54861068725586,2010
1682,RWA,64.66448974609375,2012
1683,RWA,66.13744354248047,2014
1684,RWA,69.39453887939453,2018
1685,WSM,97.42173767089844,1991
1686,WSM,99.06952667236328,2011
1687,WSM,99.24504089355469,2018
1688,STP,42.363380432128906,1981
1689,STP,61.92047882080078,1991
1690,STP,77.94922637939453,2001
1691,STP,60.083030700683594,2008
1692,STP,85.44170379638672,2012
1693,STP,89.51573181152344,2018
1694,SAU,57.27783966064453,1992
1695,SAU,69.29119110107422,2000
1696,SAU,76.33515930175781,2004
1697,SAU,91.36924743652344,2013
1698,SAU,92.70719909667969,2017
1699,SAU,96.04924774169922,2020
1700,SEN,17.863269805908203,1988
1701,SEN,29.247339248657227,2002
1702,SEN,32.987579345703125,2006
1703,SEN,37.42441177368164,2009
1704,SEN,40.25495147705078,2011
1705,SEN,33.76036071777344,2013
1706,SEN,39.798561096191406,2017
1707,SRB,94.06828308105469,2003
1708,SRB,96.74910736083984,2011
1709,SRB,98.22827911376953,2016
1710,SRB,99.11560821533203,2019
1711,SYC,85.48930358886719,1987
1712,SYC,88.58660125732422,1994
1713,SYC,92.25897979736328,2002
1714,SYC,94.44898223876953,2010
1715,SYC,96.3501968383789,2018
1716,SLE,24.1589298248291,2004
1717,SLE,24.856679916381836,2013
1718,SLE,34.85203170776367,2018
1719,SGP,73.96853637695312,1980
1720,SGP,83.02684783935547,1990
1721,SGP,88.64517974853516,2000
1722,SGP,93.77481079101562,2010
1723,SGP,94.0683364868164,2011
1724,SGP,94.35958862304688,2012
1725,SGP,94.6418685913086,2013
1726,SGP,94.91132354736328,2014
1727,SGP,95.1906509399414,2015
1728,SGP,95.44789123535156,2016
1729,SGP,95.68946838378906,2017
1730,SGP,95.9194107055664,2018
1731,SGP,96.13475799560547,2019
1732,SVN,99.45375061035156,1991
1733,SVN,99.5999984741211,2004
1734,SVN,99.5999984741211,2014
1735,SLB,69,1999
1736,SLB,69,2009
1737,SOM,3.6871700286865234,1972
1738,ZAF,74.80718994140625,1980
1739,ZAF,80.92862701416016,1996
1740,ZAF,87.04309844970703,2007
1741,ZAF,91.76815795898438,2009
1742,ZAF,91.7139892578125,2010
1743,ZAF,92.04788970947266,2011
1744,ZAF,92.58625030517578,2012
1745,ZAF,93.07305908203125,2014
1746,ZAF,93.40802764892578,2015
1747,ZAF,86.45863342285156,2017
1748,ZAF,94.53317260742188,2019
1749,KOR,97.61865997314453,2008
1750,SSD,19.18638038635254,2008
1751,SSD,28.864259719848633,2018
1752,ESP,89.93692016601562,1981
1753,ESP,95.0510025024414,1991
1754,ESP,96.23088073730469,2004
1755,ESP,96.9251480102539,2005
1756,ESP,96.9748306274414,2006
1757,ESP,97.26032257080078,2007
1758,ESP,96.8868408203125,2008
1759,ESP,96.92597198486328,2009
1760,ESP,97.00450134277344,2010
1761,ESP,97.06556701660156,2011
1762,ESP,97.2180404663086,2012
1763,ESP,97.44053649902344,2013
1764,ESP,97.48735046386719,2014
1765,ESP,97.54712677001953,2015
1766,ESP,97.69535827636719,2016
1767,ESP,97.9737777709961,2018
1768,ESP,98.18704223632812,2020
1769,LKA,82.02197265625,1981
1770,LKA,89.13575744628906,2001
1771,LKA,89.09134674072266,2006
1772,LKA,89.07347106933594,2008
1773,LKA,89.95867919921875,2010
1774,LKA,91.4861068725586,2016
1775,LKA,90.97074127197266,2017
1776,LKA,90.79560089111328,2018
1777,LKA,91.58087158203125,2019
1778,SDN,52.146400451660156,2000
1779,SDN,46.69963073730469,2008
1780,SDN,56.063228607177734,2018
1781,SUR,87.19744110107422,2004
1782,SUR,93.76537322998047,2008
1783,SUR,94.0035400390625,2010
1784,SUR,90.99790954589844,2012
1785,SUR,92.7120590209961,2018
1786,SYR,37.05915832519531,1981
1787,SYR,74.24044036865234,2002
1788,SYR,73.62655639648438,2004
1789,TJK,96.64179992675781,1989
1790,TJK,99.22122955322266,2000
1791,TJK,99.69999694824219,2014
1792,TZA,48.08802032470703,1988
1793,TZA,62.17232131958008,2002
1794,TZA,60.752620697021484,2010
1795,TZA,73.34718322753906,2012
1796,TZA,73.09382629394531,2015
1797,THA,83.89334869384766,1980
1798,THA,90.51602172851562,2000
1799,THA,91.52957153320312,2005
1800,THA,96.42704772949219,2010
1801,THA,92.24916076660156,2013
1802,THA,91.19193267822266,2015
1803,THA,92.42855834960938,2018
1804,TLS,30,2001
1805,TLS,42.5,2007
1806,TLS,52.95899963378906,2010
1807,TLS,64.2109375,2018
1808,TGO,38.45328903198242,2000
1809,TGO,44.37662887573242,2006
1810,TGO,43.60689926147461,2009
1811,TGO,47.97739028930664,2011
1812,TGO,51.24177932739258,2015
1813,TGO,55.05149841308594,2019
1814,TON,99.52552795410156,1976
1815,TON,98.97554779052734,1996
1816,TON,99.08251190185547,2006
1817,TON,99.43421936035156,2011
1818,TON,99.47502899169922,2018
1819,TTO,93.46417236328125,1980
1820,TTO,95.66178894042969,1990
1821,TTO,97.0999984741211,2000
1822,TTO,98.30000305175781,2010
1823,TUN,35.76757049560547,1984
1824,TUN,65.34786224365234,2004
1825,TUN,68.5093765258789,2007
1826,TUN,69.2093734741211,2008
1827,TUN,71.08821105957031,2010
1828,TUN,71.72959899902344,2011
1829,TUN,72.16065216064453,2012
1830,TUN,72.22377014160156,2014
1831,TUR,45.09891891479492,1975
1832,TUR,49.80641174316406,1980
1833,TUR,64.23171997070312,1985
1834,TUR,68.51966094970703,1990
1835,TUR,79.5816879272461,2004
1836,TUR,80.5489501953125,2005
1837,TUR,80.38516235351562,2006
1838,TUR,81.26383209228516,2007
1839,TUR,85.34716033935547,2009
1840,TUR,88.07317352294922,2010
1841,TUR,90.31009674072266,2011
1842,TUR,91.60452270507812,2012
1843,TUR,92.13807678222656,2013
1844,TUR,92.40181732177734,2014
1845,TUR,92.64581298828125,2015
1846,TUR,93.5630111694336,2016
1847,TUR,93.4982681274414,2017
1848,TUR,94.42404174804688,2019
1849,TKM,98.26177215576172,1995
1850,TKM,99.5999984741211,2014
1851,UGA,44.826690673828125,1991
1852,UGA,58.909881591796875,2002
1853,UGA,62.07897186279297,2006
1854,UGA,64.5914535522461,2010
1855,UGA,61.970428466796875,2012
1856,UGA,70.83805847167969,2018
1857,UKR,99.17156982421875,2001
1858,UKR,99.95819854736328,2012
1859,ARE,38.12487030029297,1975
1860,ARE,68.6612777709961,1985
1861,ARE,91.47474670410156,2005
1862,ARE,96.86031341552734,2019
1863,URY,94.30451965332031,1975
1864,URY,95.88153839111328,1985
1865,URY,97.27095794677734,1996
1866,URY,98.08435821533203,2006
1867,URY,98.24192810058594,2007
1868,URY,98.46366119384766,2008
1869,URY,98.53372192382812,2009
1870,URY,98.49095153808594,2010
1871,URY,98.61907958984375,2011
1872,URY,98.66055297851562,2012
1873,URY,98.63642883300781,2013
1874,URY,98.80905151367188,2014
1875,URY,98.86746215820312,2015
1876,URY,98.8503189086914,2016
1877,URY,98.96391296386719,2017
1878,URY,99.00773620605469,2018
1879,URY,99.03526306152344,2019
1880,UZB,98.13858032226562,2000
1881,UZB,99.9958724975586,2013
1882,UZB,99.97599029541016,2014
1883,UZB,99.97576904296875,2015
1884,UZB,99.97840881347656,2016
1885,UZB,99.98587036132812,2018
1886,UZB,99.99994659423828,2019
1887,VUT,47.782588958740234,1979
1888,VUT,53.70000076293945,1984
1889,VUT,65.5999984741211,1994
1890,VUT,76.19999694824219,2004
1891,VUT,83.19999694824219,2014
1892,VUT,86.70609283447266,2018
1893,VEN,83.0046615600586,1981
1894,VEN,89.00485229492188,1990
1895,VEN,92.71598052978516,2001
1896,VEN,94.92964172363281,2007
1897,VEN,95.35040283203125,2009
1898,VEN,95.02887725830078,2011
1899,VEN,96.56006622314453,2015
1900,VEN,97.21370697021484,2016
1901,VNM,78.14038848876953,1979
1902,VNM,82.82939147949219,1989
1903,VNM,86.92008209228516,1999
1904,VNM,86.610107421875,2000
1905,VNM,91.37908935546875,2009
1906,VNM,94.56565856933594,2019
1907,YEM,17.059560775756836,1994
1908,YEM,35,2004
1909,ZMB,57.35776138305664,1990
1910,ZMB,59.80284881591797,1999
1911,ZMB,61.83927917480469,2002
1912,ZMB,51.78696823120117,2007
1913,ZMB,77.74664306640625,2010
1914,ZMB,83.08344268798828,2018
1915,ZWE,71.85392761230469,1982
1916,ZWE,78.51702117919922,1992
1917,ZWE,80.06565856933594,2011
1918,ZWE,88.28382873535156,2014
1919,AFG,45.7960205078125,1979
1920,AFG,61.87907,2011
1921,ALB,99.36846,2001
1922,ALB,98.53712,2008
1923,ALB,98.73136,2011
1924,ALB,99.37598,2012
1925,DZA,86.2300872802734,1987
1926,DZA,94.05754,2002
1927,DZA,94.38148000000001,2006
1928,DZA,95.74706,2008
1929,ASM,97.8886184692383,1980
1930,AND,100,2015
1931,AND,100,2016
1932,AGO,83.77693000000001,2001
1933,AGO,84.86238,2014
1934,ARG,96.45922088623051,1980
1935,ARG,98.06549072265629,1991
1936,ARG,98.7079,2001
1937,ARG,99.13,2015
1938,ARM,99.9093704223633,1989
1939,ARM,99.75235,2001
1940,ARM,99.81841999999999,2011
1941,ABW,98.88176,2000
1942,ABW,98.96573000000001,2010
1943,AZE,99.87034,1999
1944,AZE,100,2007
1945,AZE,99.95678000000001,2009
1946,AZE,99.96745,2010
1947,AZE,99.95603,2011
1948,AZE,99.955,2012
1949,AZE,99.97686999999999,2013
1950,AZE,99.97624,2014
1951,AZE,99.96367,2015
1952,AZE,99.96238000000001,2016
1953,BHR,89.6903762817383,1981
1954,BHR,97.2586669921875,1991
1955,BHR,96.82708000000001,2001
1956,BHR,98.61991,2010
1957,BGD,44.3621597290039,1981
1958,BGD,51.7367286682129,1991
1959,BGD,67.16381,2001
1960,BGD,54.274330000000006,2007
1961,BGD,55.753930000000004,2011
1962,BGD,90.90535,2016
1963,BRB,99.7203903198242,1970
1964,BLR,99.7319793701172,1989
1965,BLR,99.75686999999999,1999
1966,BLR,99.80033,2009
1967,BLZ,78.8059463500977,1991
1968,BEN,45.7106399536133,1979
1969,BEN,55.130218505859396,1992
1970,BEN,59.20508,2002
1971,BEN,54.86694,2006
1972,BEN,63.94092,2012
1973,BTN,80.04191999999999,2005
1974,BTN,90.39581,2012
1975,BOL,91.4681396484375,1976
1976,BOL,96.3184127807617,1992
1977,BOL,98.54929,2001
1978,BOL,99.75361,2007
1979,BOL,99.39023,2008
1980,BOL,99.69364,2009
1981,BOL,99.24663000000001,2011
1982,BOL,99.16245,2012
1983,BOL,99.39402,2015
1984,BIH,99.7482,2000
1985,BIH,99.75125,2011
1986,BIH,99.65765,2013
1987,BWA,85.9000701904297,1991
1988,BWA,92.08331,2003
1989,BRA,82.5567626953125,1980
1990,BRA,92.65401,2000
1991,BRA,95.78389,2004
1992,BRA,96.79700000000001,2006
1993,BRA,97.05688,2007
1994,BRA,97.18046,2008
1995,BRA,97.44572,2009
1996,BRA,96.71616999999999,2010
1997,BRA,97.90999000000001,2011
1998,BRA,98.22743,2012
1999,BRA,98.25204000000001,2013
2000,BRA,98.44697,2014
2001,BRN,94.06430053710942,1981
2002,BRN,98.10690307617192,1991
2003,BRN,98.8743,2001
2004,BRN,99.19989,2011
2005,BGR,98.30967,2001
2006,BGR,98.06693,2011
2007,BFA,22.377130508422898,1975
2008,BFA,26.7887992858887,1991
2009,BFA,25.4782600402832,1996
2010,BFA,38.38109,2003
2011,BFA,40.37981,2005
2012,BFA,39.821870000000004,2006
2013,BFA,46.733740000000004,2007
2014,BFA,56.994890000000005,2014
2015,BDI,40.9319915771484,1979
2016,BDI,59.497840881347706,1990
2017,BDI,76.78002,2000
2018,BDI,66.61451,2008
2019,BDI,85.29008,2014
2020,KHM,81.8462905883789,1998
2021,KHM,87.92011,2004
2022,KHM,89.38368,2008
2023,KHM,88.35611999999999,2009
2024,CMR,79.5916519165039,1976
2025,CMR,88.42245,2000
2026,CMR,89.41731999999999,2007
2027,CMR,85.39748,2010
2028,CPV,89.94896697998051,1990
2029,CPV,97.87189000000001,2012
2030,CPV,97.58501,2015
2031,CYM,99.14231,2007
2032,CAF,62.561450958252,1988
2033,CAF,72.59475,2000
2034,CAF,48.8571,2010
2035,TCD,26.246229171752898,1993
2036,TCD,55.6862,2000
2037,TCD,53.70823000000001,2004
2038,TCD,51.8363,2015
2039,TCD,40.692890000000006,2016
2040,CHL,96.18222045898442,1982
2041,CHL,98.1564483642578,1992
2042,CHL,98.80364,2002
2043,CHL,99.11452,2008
2044,CHL,98.85938,2009
2045,CHL,99.21439000000001,2011
2046,CHL,99.00978,2013
2047,CHN,95.2085418701172,1982
2048,CHN,96.9769287109375,1990
2049,CHN,99.19846,2000
2050,CHN,99.68961999999999,2010
2051,COL,94.6445693969727,1993
2052,COL,96.3851165771484,1996
2053,COL,97.55252,2004
2054,COL,97.51703,2005
2055,COL,97.53366,2006
2056,COL,97.48288000000001,2007
2057,COL,97.54666,2008
2058,COL,97.44113,2009
2059,COL,97.68271999999999,2010
2060,COL,97.76047,2011
2061,COL,98.10670999999999,2014
2062,COL,98.15518,2015
2063,COM,69.35772705078129,1980
2064,COM,83.95133,2000
2065,COM,73.81076999999999,2012
2066,COG,85.68361,2011
2067,CRI,96.7545166015625,1984
2068,CRI,97.19749,2000
2069,CRI,99.00768000000001,2011
2070,CIV,59.9322509765625,1988
2071,CIV,54.4031295776367,1998
2072,CIV,70.84071999999999,2000
2073,CIV,58.33263,2012
2074,CIV,59.12435,2014
2075,HRV,99.6661834716797,1991
2076,HRV,99.64426,2001
2077,HRV,99.71204,2011
2078,CUB,99.95741,2002
2079,CUB,99.85526999999999,2012
2080,CYP,99.5799102783203,1992
2081,CYP,99.73631,2001
2082,CYP,99.80454,2011
2083,COD,77.98111,2001
2084,COD,78.93642,2007
2085,COD,91.04756,2012
2086,COD,90.96096999999999,2016
2087,DOM,81.25730895996091,1981
2088,DOM,92.99864000000001,2002
2089,DOM,94.62720999999999,2007
2090,DOM,95.7753,2010
2091,DOM,96.09187,2011
2092,DOM,96.32186999999999,2012
2093,DOM,96.7627,2013
2094,DOM,97.35356,2014
2095,DOM,97.22539,2015
2096,ECU,94.5548095703125,1982
2097,ECU,96.5757675170898,1990
2098,ECU,96.3794,2001
2099,ECU,95.21831,2007
2100,ECU,96.81895,2009
2101,ECU,98.46887,2010
2102,ECU,98.5865,2011
2103,ECU,98.77316,2012
2104,ECU,98.57941,2013
2105,ECU,99.01074,2014
2106,ECU,99.33717,2015
2107,ECU,98.9792,2016
2108,EGY,63.040679931640604,1976
2109,EGY,71.38067626953129,1986
2110,EGY,78.990867614746,1996
2111,EGY,90.07911999999999,2005
2112,EGY,87.8568,2006
2113,EGY,90.55763,2010
2114,EGY,92.35576,2012
2115,EGY,93.64928,2013
2116,SLV,84.9452590942383,1992
2117,SLV,94.39686999999999,2006
2118,SLV,93.21921999999999,2007
2119,SLV,95.40501,2008
2120,SLV,94.70805,2009
2121,SLV,95.66904,2010
2122,SLV,96.15056,2011
2123,SLV,96.94699,2013
2124,SLV,97.46197,2015
2125,GNQ,97.6079,2000
2126,ERI,86.25322,2002
2127,ERI,91.28661,2008
2128,EST,99.8340225219727,1989
2129,EST,99.7291,2000
2130,EST,99.93924,2011
2131,SWZ,76.0830764770508,1976
2132,SWZ,83.08648681640629,1986
2133,SWZ,90.69415,2000
2134,SWZ,92.18741999999999,2010
2135,ETH,39.288669586181605,1994
2136,ETH,62.2,2004
2137,ETH,55.88474,2005
2138,ETH,62.97093,2007
2139,GAB,94.4075469970703,1993
2140,GAB,87.38959,2012
2141,GMB,64.34049,2000
2142,GMB,65.97576,2013
2143,GEO,99.78848,2002
2144,GEO,99.67772,2014
2145,GHA,75.9459,2000
2146,GHA,88.31075,2010
2147,GRC,99.0480575561523,1981
2148,GRC,98.988426208496,1991
2149,GRC,98.89446,2001
2150,GRC,99.53356,2005
2151,GRC,99.44521,2007
2152,GRC,99.51223,2009
2153,GRC,98.58221,2011
2154,GRL,100,2015
2155,GRD,98.845359802246,1970
2156,GUM,95.3572616577148,1980
2157,GUM,99.9000015258789,1990
2158,GTM,81.721061706543,1994
2159,GTM,86.37878,2002
2160,GTM,95.46641,2012
2161,GTM,94.18228,2013
2162,GTM,95.48186,2014
2163,GIN,44.1200485229492,1996
2164,GIN,59.46236999999999,2003
2165,GIN,37.56715,2010
2166,GIN,56.97051,2014
2167,GNB,59.6943702697754,1979
2168,GNB,74.80124,2000
2169,GNB,71.25033,2014
2170,GUY,92.42121,2009
2171,GUY,96.33185999999999,2014
2172,HTI,51.261348724365206,1982
2173,HTI,82.65737,2003
2174,HTI,74.36740999999999,2006
2175,HND,86.89099,2001
2176,HND,92.69526,2007
2177,HND,94.44801,2010
2178,HND,94.93154,2011
2179,HND,94.00283,2012
2180,HND,93.85074,2013
2181,HND,95.04737,2014
2182,HND,94.99325,2015
2183,HND,94.94519,2016
2184,HUN,99.42166137695308,1980
2185,HUN,99.1106796264648,1994
2186,IND,66.3148727416992,1981
2187,IND,73.5097198486328,1991
2188,IND,84.19224,2001
2189,IND,88.41184,2006
2190,IND,90.04483,2011
2191,IDN,89.591209411621,1980
2192,IDN,97.4022674560547,1990
2193,IDN,98.86708,2004
2194,IDN,97.02747,2006
2195,IDN,99.53748,2008
2196,IDN,99.55003,2009
2197,IDN,98.80384000000001,2011
2198,IDN,99.68156,2014
2199,IDN,99.70176,2015
2200,IDN,99.68345,2016
2201,IRN,70.9001693725585,1976
2202,IRN,84.5260772705078,1986
2203,IRN,92.4355010986328,1991
2204,IRN,95.5168228149414,1996
2205,IRN,98.10998000000001,2005
2206,IRN,97.14548,2006
2207,IRN,98.25652,2008
2208,IRN,98.33391999999999,2012
2209,IRN,98.10902,2013
2210,IRN,98.19154,2014
2211,IRQ,88.91216999999999,2000
2212,IRQ,57.00646999999999,2013
2213,ISR,99.05457305908199,1983
2214,ITA,99.6975936889648,1981
2215,ITA,99.80447,2001
2216,ITA,99.85103000000001,2011
2217,JAM,87.31139,1999
2218,JOR,95.792137145996,1979
2219,JOR,99.32879,2003
2220,JOR,98.931,2005
2221,JOR,98.95204,2007
2222,JOR,98.75873,2010
2223,JOR,99.05083,2011
2224,JOR,99.00204000000001,2012
2225,KAZ,99.6977081298828,1989
2226,KAZ,99.81603,1999
2227,KAZ,99.80391,2009
2228,KAZ,99.94014,2010
2229,KEN,93.30951999999999,2000
2230,KEN,83.20541999999999,2007
2231,KEN,86.93869000000001,2014
2232,KWT,77.6922302246094,1975
2233,KWT,81.2881622314453,1980
2234,KWT,90.6923294067383,1985
2235,KWT,93.7998886108398,1995
2236,KWT,99.69097,2005
2237,KWT,98.52218,2006
2238,KWT,98.39884,2007
2239,KWT,98.56515999999999,2008
2240,KWT,99.06282,2010
2241,KWT,98.73638000000001,2012
2242,KWT,99.25229,2013
2243,KWT,99.15068000000001,2015
2244,KGZ,99.65078000000001,1999
2245,KGZ,99.70463000000001,2009
2246,LAO,78.815788269043,1995
2247,LAO,88.06197,2000
2248,LAO,82.59933000000001,2001
2249,LAO,89.18749,2005
2250,LAO,77.27266999999999,2011
2251,LVA,99.7500534057617,1989
2252,LVA,99.71818,2000
2253,LVA,99.80219,2011
2254,LBN,98.39605999999999,2007
2255,LBN,99.16173,2009
2256,LSO,84.82558,2000
2257,LSO,74.18503,2009
2258,LSO,79.60804,2014
2259,LBR,62.8272895812988,1984
2260,LBR,65.7604217529297,1994
2261,LBR,63.45101999999999,2007
2262,LBY,97.85204315185551,1984
2263,LBY,99.4237823486328,1994
2264,LTU,99.6411819458008,1989
2265,LTU,99.66221999999999,2001
2266,LTU,99.84546999999999,2011
2267,MAC,95.1423873901367,1981
2268,MAC,99.43009,2001
2269,MAC,99.58699,2006
2270,MAC,99.65496999999999,2011
2271,MAC,99.72689,2016
2272,MDG,72.65446,2000
2273,MDG,65.91478000000001,2009
2274,MDG,78.41248,2012
2275,MWI,70.4406509399414,1987
2276,MWI,82.0912322998047,1998
2277,MWI,74.26925,2010
2278,MWI,78.78466,2014
2279,MWI,72.49172,2015
2280,MYS,89.49591064453129,1980
2281,MYS,95.9064407348633,1991
2282,MYS,97.20814,2000
2283,MYS,98.38104,2010
2284,MDV,84.13037109375,1977
2285,MDV,94.88720703125,1985
2286,MDV,98.0773086547852,1990
2287,MDV,98.03439331054692,1995
2288,MDV,98.03439,2000
2289,MDV,99.24022,2006
2290,MDV,99.08133000000001,2014
2291,MLI,26.6656303405762,1976
2292,MLI,32.2511787414551,1998
2293,MLI,47.37997,2006
2294,MLI,56.371269999999996,2010
2295,MLI,56.31502,2011
2296,MLI,60.525490000000005,2015
2297,MLT,94.3650665283203,1995
2298,MLT,97.45976,2005
2299,MLT,98.40398,2011
2300,MHL,98.16972,2011
2301,MRT,67.73265,2000
2302,MRT,66.39988000000001,2007
2303,MUS,90.6955718994141,1990
2304,MUS,93.72184,2000
2305,MUS,97.68915,2011
2306,MEX,93.08718872070308,1980
2307,MEX,95.9634628295898,1990
2308,MEX,96.7512,2000
2309,MEX,97.9407,2002
2310,MEX,97.5173,2004
2311,MEX,97.64425,2005
2312,MEX,98.10611999999999,2006
2313,MEX,98.19888,2007
2314,MEX,98.40971,2008
2315,MEX,98.67003000000001,2009
2316,MEX,98.37557,2010
2317,MEX,98.41656,2011
2318,MEX,98.72036999999999,2012
2319,MEX,98.52684,2013
2320,MEX,98.92220999999999,2014
2321,MEX,98.87351,2015
2322,MDA,99.72015380859379,1989
2323,MDA,99.40321,2000
2324,MDA,99.33775,2012
2325,MNG,96.99861,2000
2326,MNG,98.02181,2010
2327,MNE,99.1471099853516,1981
2328,MNE,99.26254272460942,1991
2329,MNE,99.45795,2003
2330,MNE,99.36079000000001,2011
2331,MAR,58.1169204711914,1982
2332,MAR,71.384910583496,1994
2333,MAR,80.80266999999999,2004
2334,MAR,85.80525,2008
2335,MAR,86.72861999999999,2009
2336,MAR,88.82942,2011
2337,MAR,94.62719,2012
2338,MOZ,63.9541816711426,1980
2339,MOZ,59.452701568603494,1997
2340,MOZ,74.36055,2003
2341,MOZ,79.84044,2009
2342,MMR,88.56580352783199,1983
2343,MMR,95.7881,2000
2344,MMR,85.11967,2016
2345,NAM,85.70274353027341,1991
2346,NAM,91.14834,2001
2347,NAM,83.23858,2007
2348,NAM,93.45852,2011
2349,NPL,45.0961418151855,1981
2350,NPL,68.2296295166016,1991
2351,NPL,80.61596999999999,2001
2352,NPL,89.88401999999999,2011
2353,NCL,97.0024871826172,1976
2354,NCL,98.6569290161133,1989
2355,NIC,83.63,2001
2356,NIC,85.15562,2005
2357,NER,26.230059999999998,2001
2358,NER,52.44951999999999,2005
2359,NER,34.53362,2012
2360,NGA,81.3560333251953,1991
2361,NGA,78.12795,2003
2362,NGA,75.56594,2008
2363,PRK,99.99944,2008
2364,MKD,99.1444625854492,1994
2365,MKD,98.98544,2002
2366,OMN,97.86509000000001,2003
2367,OMN,97.63412,2008
2368,OMN,97.40565,2010
2369,OMN,99.1306,2014
2370,OMN,99.43405,2015
2371,OMN,98.51479,2016
2372,PAK,44.5028686523438,1981
2373,PAK,67.14935302734379,1998
2374,PAK,76.65172,2005
2375,PAK,79.10218,2006
2376,PAK,79.42005,2008
2377,PAK,79.14432,2009
2378,PAK,79.50414,2010
2379,PAK,78.04241999999999,2011
2380,PAK,80.28826,2012
2381,PAK,79.40381,2013
2382,PAK,79.76598,2014
2383,PLW,94.193603515625,1980
2384,PLW,97.366600036621,1994
2385,PLW,99.76959000000001,2013
2386,PLW,98.24561,2015
2387,PSE,96.9136276245117,1997
2388,PSE,99.02489,2004
2389,PSE,99.0393,2006
2390,PSE,99.13416,2007
2391,PSE,99.21045,2008
2392,PSE,99.23298,2009
2393,PSE,99.21135,2010
2394,PSE,99.25986,2011
2395,PSE,99.34515999999999,2012
2396,PSE,99.41883,2013
2397,PSE,99.40579,2014
2398,PSE,99.41046999999999,2015
2399,PSE,99.45153,2016
2400,PAN,95.92749786376949,1980
2401,PAN,95.39389038085942,1990
2402,PAN,96.53054,2000
2403,PAN,97.93446999999999,2010
2404,PNG,69.13374,2000
2405,PRY,90.1732864379883,1982
2406,PRY,95.85675048828129,1992
2407,PRY,98.80972,2007
2408,PRY,97.69171999999999,2008
2409,PRY,98.04145,2009
2410,PRY,98.50034000000001,2010
2411,PRY,98.90615,2014
2412,PRY,98.04035,2015
2413,PER,96.513328552246,1981
2414,PER,96.98548126220699,1993
2415,PER,97.80303,2004
2416,PER,97.92135,2005
2417,PER,98.51275,2006
2418,PER,98.01326,2007
2419,PER,98.71934,2012
2420,PER,99.15706,2014
2421,PER,99.23966999999999,2015
2422,PER,99.08887,2016
2423,PHL,91.0633087158203,1980
2424,PHL,96.2767333984375,1990
2425,PHL,94.45826,2000
2426,PHL,93.5783,2003
2427,PHL,97.01995,2008
2428,PHL,97.42543,2013
2429,POL,99.7787399291992,1978
2430,POL,99.9991073608398,1994
2431,PRT,97.6643218994141,1981
2432,PRT,99.14246368408199,1991
2433,PRT,99.3918,2011
2434,PRI,93.0182723999023,1980
2435,PRI,92.2238998413085,1990
2436,PRI,98.81458,2010
2437,QAT,88.5272979736328,1986
2438,QAT,94.1227569580078,1997
2439,QAT,94.88588,2004
2440,QAT,99.09515999999999,2007
2441,QAT,95.31860999999999,2008
2442,QAT,97.70183,2009
2443,QAT,96.32373,2010
2444,QAT,97.57916,2011
2445,QAT,98.68559,2012
2446,QAT,98.82146999999999,2013
2447,QAT,98.38078,2014
2448,ROU,99.1800689697266,1992
2449,ROU,97.74423,2002
2450,ROU,99.01409,2011
2451,RUS,99.69100952148442,1989
2452,RUS,99.67908,2002
2453,RUS,99.66278,2010
2454,RWA,59.6562004089355,1978
2455,RWA,79.3672714233398,1991
2456,RWA,78.52216999999999,2000
2457,RWA,76.65858,2010
2458,RWA,81.12005,2012
2459,WSM,99.12000274658199,1991
2460,WSM,99.02962,2011
2461,STP,90.8198928833008,1981
2462,STP,95.8085403442383,1991
2463,STP,95.97399,2001
2464,STP,83.05633,2008
2465,STP,97.12077,2012
2466,SAU,93.9633102416992,1992
2467,SAU,98.07428,2000
2468,SAU,96.95305,2004
2469,SAU,99.30072,2013
2470,SEN,49.1273002624512,1988
2471,SEN,58.48508,2002
2472,SEN,58.12517,2006
2473,SEN,74.20335,2009
2474,SEN,73.96651,2011
2475,SEN,61.11376,2013
2476,SRB,99.34544,2011
2477,SRB,99.71523,2016
2478,SYC,96.8068618774414,1987
2479,SYC,98.4939804077148,1994
2480,SYC,98.7706,2002
2481,SYC,98.58672,2010
2482,SLE,59.61425,2004
2483,SLE,64.5305,2013
2484,SGP,96.40878295898442,1980
2485,SGP,98.8551177978516,1990
2486,SGP,99.40999000000001,2000
2487,SGP,99.73789000000001,2010
2488,SGP,99.89365,2011
2489,SGP,99.89686999999999,2012
2490,SGP,99.89628,2013
2491,SGP,99.89716,2014
2492,SGP,99.73515,2015
2493,SGP,99.91319,2016
2494,SVN,99.73696899414058,1991
2495,ZAF,85.3461990356445,1980
2496,ZAF,93.4984130859375,1996
2497,ZAF,97.04518,2007
2498,ZAF,97.9152,2009
2499,ZAF,98.38871999999999,2010
2500,ZAF,98.43064,2011
2501,ZAF,98.49655,2012
2502,ZAF,98.68172,2014
2503,ZAF,98.68459,2015
2504,SSD,44.07936,2008
2505,ESP,98.64132690429692,1981
2506,ESP,99.54004669189449,1991
2507,ESP,99.58037,2004
2508,ESP,99.57169,2005
2509,ESP,99.58001,2007
2510,ESP,99.52781999999999,2008
2511,ESP,99.63875,2009
2512,ESP,99.50676999999999,2010
2513,ESP,99.65465,2011
2514,ESP,99.64105,2012
2515,ESP,99.69463,2013
2516,ESP,99.75731,2014
2517,ESP,99.61875,2015
2518,ESP,99.63757,2016
2519,LKA,91.87976837158199,1981
2520,LKA,95.06529,2001
2521,LKA,97.02708,2006
2522,LKA,97.33251,2008
2523,LKA,97.68654000000001,2010
2524,SDN,85.69496,2000
2525,SDN,68.66786,2008
2526,SUR,95.61588,2004
2527,SUR,99.37586,2008
2528,SUR,97.97273,2010
2529,SUR,98.08572,2012
2530,SYR,88.8319778442383,1981
2531,SYR,97.14407,2002
2532,SYR,94.60731,2004
2533,TJK,99.7364501953125,1989
2534,TJK,99.84443,2000
2535,TZA,86.2043228149414,1988
2536,TZA,80.91718,2002
2537,TZA,76.49114,2010
2538,TZA,87.1745,2012
2539,TZA,87.0131,2015
2540,THA,97.5708236694335,1980
2541,THA,98.09989,2000
2542,THA,98.21679,2005
2543,THA,96.64255,2010
2544,THA,97.97784,2013
2545,THA,98.00288,2015
2546,TLS,80.48976,2010
2547,TGO,83.78623,2000
2548,TGO,84.85531999999999,2006
2549,TGO,87.62799999999999,2009
2550,TGO,86.91668,2011
2551,TGO,89.67246999999999,2015
2552,TON,99.8410491943359,1976
2553,TON,99.2652206420898,1996
2554,TON,99.30216,2006
2555,TON,99.36657,2011
2556,TTO,99.19503784179692,1980
2557,TTO,99.3000030517578,1990
2558,TUN,85.74456787109379,1984
2559,TUN,90.3621368408203,1994
2560,TUN,96.39501,2004
2561,TUN,97.83991,2007
2562,TUN,98.13431,2008
2563,TUN,98.21085,2010
2564,TUN,98.23633000000001,2011
2565,TUN,97.97062,2012
2566,TUN,96.61184,2014
2567,TUR,90.754051208496,1975
2568,TUR,93.62197875976558,1980
2569,TUR,95.6840362548828,1985
2570,TUR,96.57077026367192,1990
2571,TUR,98.02444,2004
2572,TUR,98.36093000000001,2005
2573,TUR,98.36596,2006
2574,TUR,98.58456,2007
2575,TUR,99.01895999999999,2009
2576,TUR,99.21415999999999,2010
2577,TUR,99.4467,2011
2578,TUR,99.5905,2012
2579,TUR,99.68914000000001,2013
2580,TUR,99.74698000000001,2014
2581,TUR,99.8061,2015
2582,TKM,99.8079071044922,1995
2583,UGA,77.223876953125,1991
2584,UGA,85.95758000000001,2002
2585,UGA,87.26585,2006
2586,UGA,89.63519000000001,2010
2587,UGA,85.75978,2012
2588,UKR,99.77624,2001
2589,UKR,99.95707,2012
2590,ARE,65.5117416381835,1975
2591,ARE,81.0138320922852,1985
2592,ARE,93.62515,2005
2593,URY,97.7408905029297,1975
2594,URY,98.2630462646484,1985
2595,URY,98.15316772460942,1996
2596,URY,98.31211,2006
2597,URY,98.4888,2007
2598,URY,98.62774,2008
2599,URY,98.50746,2009
2600,URY,98.35943,2010
2601,URY,98.6134,2011
2602,URY,98.62612,2012
2603,URY,98.56438,2013
2604,URY,98.30905,2014
2605,URY,98.63845,2015
2606,UZB,99.85337,2000
2607,UZB,100,2013
2608,UZB,100,2014
2609,UZB,100,2015
2610,VUT,75.7441635131835,1979
2611,VUT,87.30343627929692,1994
2612,VEN,92.3298187255859,1981
2613,VEN,94.520751953125,1990
2614,VEN,96.32621999999999,2001
2615,VEN,97.9744,2007
2616,VEN,98.26986,2009
2617,VEN,96.88986,2011
2618,VEN,98.71199,2015
2619,VEN,98.44194,2016
2620,VNM,96.10887908935551,1979
2621,VNM,94.0826034545898,1989
2622,VNM,94.37064000000001,1999
2623,VNM,95.58781,2000
2624,VNM,97.39524,2009
2625,YEM,82.8042221069335,1994
2626,ZMB,67.26934814453129,1990
2627,ZMB,72.6156,1999
2628,ZMB,77.72511999999999,2002
2629,ZMB,70.30841,2007
2630,ZMB,91.19563000000001,2010
2631,ZWE,93.8269577026367,1982
2632,ZWE,96.54061889648442,1992
2633,ZWE,89.59058,2011
2634,ZWE,87.59186,2014
2635,AFG,11.1428003311157,1979
2636,AFG,32.11322,2011
2637,ALB,99.49808,2001
2638,ALB,99.12132,2008
2639,ALB,98.85624,2011
2640,ALB,99.02019,2012
2641,DZA,62.2114791870117,1987
2642,DZA,86.13399,2002
2643,DZA,89.13824,2006
2644,DZA,91.73993,2008
2645,ASM,97.4436492919922,1980
2646,AND,100,2015
2647,AND,100,2016
2648,AGO,63.18212,2001
2649,AGO,70.58513,2014
2650,ARG,97.30248260498051,1980
2651,ARG,98.5402069091797,1991
2652,ARG,99.12767,2001
2653,ARG,99.48,2015
2654,ARM,99.9105682373047,1989
2655,ARM,99.86166999999999,2001
2656,ARM,99.87619000000001,2011
2657,ABW,99.16637,2000
2658,ABW,99.3231,2010
2659,AZE,99.90149,1999
2660,AZE,100,2007
2661,AZE,99.94579,2009
2662,AZE,99.93333,2010
2663,AZE,99.93176,2011
2664,AZE,99.91767,2012
2665,AZE,99.9267,2013
2666,AZE,99.93638,2014
2667,AZE,99.92011,2015
2668,AZE,99.91648,2016
2669,BHR,82.0774230957031,1981
2670,BHR,96.5787734985352,1991
2671,BHR,97.25061,2001
2672,BHR,97.58234,2010
2673,BGD,27.151010513305696,1981
2674,BGD,37.9897499084473,1991
2675,BGD,60.25623,2001
2676,BGD,67.48857,2007
2677,BGD,72.65009,2011
2678,BGD,93.53532,2016
2679,BRB,99.8000030517578,1970
2680,BLR,99.800537109375,1989
2681,BLR,99.82821,1999
2682,BLR,99.84739,2009
2683,BLZ,79.8089294433594,1991
2684,BEN,18.2551803588867,1979
2685,BEN,26.6902904510498,1992
2686,BEN,33.238,2002
2687,BEN,30.78655,2006
2688,BEN,40.93838,2012
2689,BTN,67.96426,2005
2690,BTN,84.48774,2012
2691,BOL,75.8401412963867,1976
2692,BOL,91.56597900390629,1992
2693,BOL,96.11462,2001
2694,BOL,99.14458,2007
2695,BOL,98.87941,2008
2696,BOL,99.0843,2009
2697,BOL,98.77202,2011
2698,BOL,98.82861,2012
2699,BOL,99.40420999999999,2015
2700,BIH,99.84363,2000
2701,BIH,99.15044,2011
2702,BIH,99.66747,2013
2703,BWA,92.2518768310547,1991
2704,BWA,95.59602,2003
2705,BRA,85.2365493774414,1980
2706,BRA,95.71902,2000
2707,BRA,97.90386,2004
2708,BRA,98.36166,2006
2709,BRA,98.55943,2007
2710,BRA,98.53111,2008
2711,BRA,98.69204,2009
2712,BRA,98.31874,2010
2713,BRA,99.07315,2011
2714,BRA,99.02082,2012
2715,BRA,99.22972,2013
2716,BRA,99.25031,2014
2717,BRN,93.23892211914058,1981
2718,BRN,98.0837936401367,1991
2719,BRN,98.91216999999999,2001
2720,BRN,99.54606,2011
2721,BGR,98.10977,2001
2722,BGR,97.65106,2011
2723,BFA,6.66406011581421,1975
2724,BFA,14.1737499237061,1991
2725,BFA,13.985340118408198,1996
2726,BFA,24.81137,2003
2727,BFA,26.4829,2005
2728,BFA,26.53412,2006
2729,BFA,33.12532,2007
2730,BFA,43.98583,2014
2731,BDI,21.4868602752686,1979
2732,BDI,48.011260986328104,1990
2733,BDI,70.3653,2000
2734,BDI,57.32103000000001,2008
2735,BDI,74.95891,2014
2736,KHM,71.0715866088867,1998
2737,KHM,78.896,2004
2738,KHM,85.53457,2008
2739,KHM,85.86868,2009
2740,CMR,59.0631790161133,1976
2741,CMR,77.96249,2000
2742,CMR,77.48205,2007
2743,CMR,76.42093,2010
2744,CPV,86.4150924682617,1990
2745,CPV,98.39818000000001,2012
2746,CPV,98.73018,2015
2747,CYM,98.62333000000001,2007
2748,CAF,34.851749420166,1988
2749,CAF,49.01935,2000
2750,CAF,26.97133,2010
2751,TCD,8.94583988189697,1993
2752,TCD,23.2354,2000
2753,TCD,30.77491,2004
2754,TCD,25.99362,2015
2755,TCD,22.38715,2016
2756,CHL,97.1165313720703,1982
2757,CHL,98.7008590698242,1992
2758,CHL,99.18334,2002
2759,CHL,99.19581,2008
2760,CHL,98.89001999999999,2009
2761,CHL,99.60537,2011
2762,CHL,99.08694,2013
2763,CHN,82.0992202758789,1982
2764,CHN,91.4546966552734,1990
2765,CHN,98.50486,2000
2766,CHN,99.59304,2010
2767,COL,96.2814407348633,1993
2768,COL,97.56674194335942,1996
2769,COL,98.41068,2004
2770,COL,98.37487,2005
2771,COL,98.19491,2006
2772,COL,98.419,2007
2773,COL,98.42687,2008
2774,COL,98.43472,2009
2775,COL,98.5172,2010
2776,COL,98.72434,2011
2777,COL,98.97285,2014
2778,COL,98.91534,2015
2779,COM,54.899040222168,1980
2780,COM,77.55762,2000
2781,COM,69.59522,2012
2782,COG,76.94608000000001,2011
2783,CRI,97.5381317138672,1984
2784,CRI,98.03841,2000
2785,CRI,99.25811999999999,2011
2786,CIV,37.845939636230504,1988
2787,CIV,39.849090576171896,1998
2788,CIV,52.125170000000004,2000
2789,CIV,38.75008,2012
2790,CIV,47.03975,2014
2791,HRV,99.60440063476558,1991
2792,HRV,99.65321,2001
2793,HRV,99.73572,2011
2794,CUB,99.95369000000001,2002
2795,CUB,99.8952,2012
2796,CYP,99.6641998291016,1992
2797,CYP,99.81524,2001
2798,CYP,99.83830999999999,2011
2799,COD,63.0907,2001
2800,COD,53.25022,2007
2801,COD,76.6585,2012
2802,COD,79.71484,2016
2803,DOM,83.9385299682617,1981
2804,DOM,95.41705,2002
2805,DOM,96.93073000000001,2007
2806,DOM,97.88349000000001,2010
2807,DOM,98.05375,2011
2808,DOM,97.76923000000001,2012
2809,DOM,98.25251999999999,2013
2810,DOM,98.04481,2014
2811,DOM,98.03096,2015
2812,ECU,92.2789306640625,1982
2813,ECU,95.833251953125,1990
2814,ECU,96.49345,2001
2815,ECU,95.62893000000001,2007
2816,ECU,96.84546,2009
2817,ECU,98.8541,2010
2818,ECU,98.80532,2011
2819,ECU,98.89454,2012
2820,ECU,98.63248,2013
2821,ECU,99.18693,2014
2822,ECU,98.91229,2015
2823,ECU,99.13691999999999,2016
2824,EGY,38.1226387023926,1976
2825,EGY,54.0046615600586,1986
2826,EGY,66.931541442871,1996
2827,EGY,78.94999,2005
2828,EGY,81.75145,2006
2829,EGY,84.30693000000001,2010
2830,EGY,86.05159,2012
2831,EGY,90.3254,2013
2832,SLV,84.94789123535159,1992
2833,SLV,95.45334,2006
2834,SLV,93.88949000000001,2007
2835,SLV,96.48331,2008
2836,SLV,95.32356,2009
2837,SLV,96.38574,2010
2838,SLV,96.94589,2011
2839,SLV,97.50019,2013
2840,SLV,98.43374,2015
2841,GNQ,96.62424,2000
2842,ERI,69.4834,2002
2843,ERI,82.57652,2008
2844,EST,99.9045028686523,1989
2845,EST,99.81336,2000
2846,EST,99.95904,2011
2847,SWZ,74.9796600341797,1976
2848,SWZ,84.2975997924805,1986
2849,SWZ,92.94364,2000
2850,SWZ,94.74849,2010
2851,ETH,28.0801696777344,1994
2852,ETH,38.5,2004
2853,ETH,33.29975,2005
2854,ETH,47.041129999999995,2007
2855,GAB,92.11402130126949,1993
2856,GAB,89.42925,2012
2857,GMB,41.39434,2000
2858,GMB,56.12098,2013
2859,GEO,99.86236,2002
2860,GEO,99.72914,2014
2861,GHA,65.48871,2000
2862,GHA,83.23453,2010
2863,GRC,98.8844528198242,1981
2864,GRC,98.97937774658199,1991
2865,GRC,98.99116,2001
2866,GRC,99.5248,2005
2867,GRC,99.67996,2007
2868,GRC,99.46973,2009
2869,GRC,98.81535,2011
2870,GRL,100,2015
2871,GRD,99.07742309570308,1970
2872,GUM,95.90540313720699,1980
2873,GUM,99.8476181030273,1990
2874,GTM,70.7215118408203,1994
2875,GTM,78.39068,2002
2876,GTM,91.94237,2012
2877,GTM,89.77037,2013
2878,GTM,93.26925,2014
2879,GIN,13.4728002548218,1996
2880,GIN,34.06904,2003
2881,GIN,21.79673,2010
2882,GIN,37.21018,2014
2883,GNB,17.8034706115723,1979
2884,GNB,45.90365,2000
2885,GNB,49.75632,2014
2886,GUY,93.67022,2009
2887,GUY,97.03701,2014
2888,HTI,51.0530204772949,1982
2889,HTI,80.68945,2003
2890,HTI,70.48078000000001,2006
2891,HND,90.91032,2001
2892,HND,95.05453,2007
2893,HND,95.8775,2010
2894,HND,96.92600999999999,2011
2895,HND,95.98721,2012
2896,HND,96.29856,2013
2897,HND,96.29226,2014
2898,HND,96.99961,2015
2899,HND,97.24561,2016
2900,HUN,99.31812286376949,1980
2901,HUN,99.1821136474609,1994
2902,IND,40.3215217590332,1981
2903,IND,49.3491897583008,1991
2904,IND,67.74658000000001,2001
2905,IND,74.35573000000001,2006
2906,IND,81.84980999999999,2011
2907,IDN,81.6483993530273,1980
2908,IDN,95.0692520141602,1990
2909,IDN,98.54216,2004
2910,IDN,96.27235999999999,2006
2911,IDN,99.38241,2008
2912,IDN,99.39659,2009
2913,IDN,98.7518,2011
2914,IDN,99.67883,2014
2915,IDN,99.63701999999999,2015
2916,IDN,99.65351,2016
2917,IRN,42.3278007507324,1976
2918,IRN,65.5926666259766,1986
2919,IRN,81.2009963989258,1991
2920,IRN,90.55661010742192,1996
2921,IRN,96.73755,2005
2922,IRN,96.13215,2006
2923,IRN,97.46597,2008
2924,IRN,97.66179,2012
2925,IRN,97.43798000000001,2013
2926,IRN,97.67817,2014
2927,IRQ,80.48683,2000
2928,IRQ,48.63865,2013
2929,ISR,98.04602813720699,1983
2930,ITA,99.5874862670898,1981
2931,ITA,99.82011,2001
2932,ITA,99.8687,2011
2933,JAM,96.29552,1999
2934,JOR,84.8327865600585,1979
2935,JOR,98.91331,2003
2936,JOR,99.02348,2005
2937,JOR,98.94657,2007
2938,JOR,98.76635,2010
2939,JOR,99.25322,2011
2940,JOR,99.20273,2012
2941,KAZ,99.7549896240234,1989
2942,KAZ,99.8747,1999
2943,KAZ,99.86511,2009
2944,KAZ,99.85091,2010
2945,KEN,91.94255,2000
2946,KEN,81.63257,2007
2947,KEN,86.13651999999999,2014
2948,KWT,66.01071929931639,1975
2949,KWT,76.0303573608398,1980
2950,KWT,84.0936965942383,1985
2951,KWT,90.18480682373051,1995
2952,KWT,99.78759000000001,2005
2953,KWT,98.49927,2006
2954,KWT,98.50779,2007
2955,KWT,98.73937,2008
2956,KWT,98.71821,2010
2957,KWT,98.83530999999999,2012
2958,KWT,99.04066999999999,2013
2959,KWT,99.40085,2015
2960,KGZ,99.74129,1999
2961,KGZ,99.79959000000001,2009
2962,LAO,64.05435180664061,1995
2963,LAO,73.56058,2000
2964,LAO,74.68243000000001,2001
2965,LAO,78.73984,2005
2966,LAO,67.05378,2011
2967,LVA,99.8209228515625,1989
2968,LVA,99.78331,2000
2969,LVA,99.87011,2011
2970,LBN,99.0823,2007
2971,LBN,99.33674,2009
2972,LSO,97.49609,2000
2973,LSO,92.09389,2009
2974,LSO,93.96988,2014
2975,LBR,33.7245597839355,1984
2976,LBR,54.189300537109396,1994
2977,LBR,37.17031,2007
2978,LBY,80.3106002807617,1984
2979,LBY,96.2951431274414,1994
2980,LTU,99.7084732055664,1989
2981,LTU,99.74238000000001,2001
2982,LTU,99.86662,2011
2983,MAC,94.2051162719727,1981
2984,MAC,99.81016,2001
2985,MAC,99.69966,2006
2986,MAC,99.69008000000001,2011
2987,MAC,99.86617,2016
2988,MDG,68.18623000000001,2000
2989,MDG,63.96708,2009
2990,MDG,75.30385,2012
2991,MWI,49.1280708312988,1987
2992,MWI,70.7007217407227,1998
2993,MWI,69.98174,2010
2994,MWI,73.33242,2014
2995,MWI,73.3858,2015
2996,MYS,86.5314788818359,1980
2997,MYS,95.22213745117192,1991
2998,MYS,97.26772,2000
2999,MYS,98.45826,2010
3000,MDV,87.1192779541016,1977
3001,MDV,96.1760406494141,1985
3002,MDV,98.3154830932617,1990
3003,MDV,98.2986373901367,1995
3004,MDV,98.29864,2000
3005,MDV,99.36065,2006
3006,MDV,99.43955,2014
3007,MLI,13.4746503829956,1976
3008,MLI,16.860670089721697,1998
3009,MLI,30.79846,2006
3010,MLI,33.94571,2010
3011,MLI,39.008559999999996,2011
3012,MLI,39.20776,2015
3013,MLT,97.8065338134766,1995
3014,MLT,99.11073,2005
3015,MLT,99.38656999999999,2011
3016,MHL,98.7567,2011
3017,MRT,55.483709999999995,2000
3018,MRT,47.71239,2007
3019,MUS,91.70590209960942,1990
3020,MUS,95.3619,2000
3021,MUS,98.57592,2011
3022,MEX,90.8609390258789,1980
3023,MEX,94.9032135009766,1990
3024,MEX,96.48236,2000
3025,MEX,97.27211,2002
3026,MEX,97.60793000000001,2004
3027,MEX,97.62793,2005
3028,MEX,97.69171999999999,2006
3029,MEX,98.11610999999999,2007
3030,MEX,98.35642,2008
3031,MEX,98.3816,2009
3032,MEX,98.49213,2010
3033,MEX,98.50666,2011
3034,MEX,99.02956999999999,2012
3035,MEX,98.60191,2013
3036,MEX,99.07946,2014
3037,MEX,99.01495,2015
3038,MDA,99.73853302001949,1989
3039,MDA,99.65156999999999,2000
3040,MDA,99.58578,2012
3041,MNG,98.43194,2000
3042,MNG,98.90874000000001,2010
3043,MNE,98.28720092773442,1981
3044,MNE,98.9892120361328,1991
3045,MNE,99.3606,2003
3046,MNE,99.05261,2011
3047,MAR,30.9509105682373,1982
3048,MAR,45.9963607788086,1994
3049,MAR,60.49289,2004
3050,MAR,69.89815,2008
3051,MAR,72.14524,2009
3052,MAR,74.03429,2011
3053,MAR,87.7834,2012
3054,MOZ,25.1153907775879,1980
3055,MOZ,36.553108215331996,1997
3056,MOZ,50.038909999999994,2003
3057,MOZ,56.54005,2009
3058,MMR,81.3442001342773,1983
3059,MMR,93.47118,2000
3060,MMR,84.41379,2016
3061,NAM,90.4171600341797,1991
3062,NAM,93.63254,2001
3063,NAM,90.61543,2007
3064,NAM,95.34631999999999,2011
3065,NPL,14.966609954834,1981
3066,NPL,32.6664390563965,1991
3067,NPL,60.14379,2001
3068,NPL,80.20683000000001,2011
3069,NCL,97.96157836914058,1976
3070,NCL,98.86099243164058,1989
3071,NIC,88.81788,2001
3072,NIC,88.84248000000001,2005
3073,NER,14.23355,2001
3074,NER,23.197429999999997,2005
3075,NER,15.057770000000001,2012
3076,NGA,62.4877815246582,1991
3077,NGA,60.50937,2003
3078,NGA,57.95389,2008
3079,PRK,99.99979,2008
3080,MKD,98.5668716430664,1994
3081,MKD,98.48539,2002
3082,OMN,96.66145,2003
3083,OMN,97.62498000000001,2008
3084,OMN,98.16507,2010
3085,OMN,99.05662,2014
3086,OMN,98.75332,2015
3087,OMN,98.9804,2016
3088,PAK,23.832960128784197,1981
3089,PAK,43.114051818847706,1998
3090,PAK,53.08856,2005
3091,PAK,58.37056,2006
3092,PAK,61.249919999999996,2008
3093,PAK,61.46266,2009
3094,PAK,62.29837,2010
3095,PAK,63.13681,2011
3096,PAK,64.4741,2012
3097,PAK,63.438,2013
3098,PAK,65.54779,2014
3099,PLW,94.35772705078129,1980
3100,PLW,95.5198287963867,1994
3101,PLW,99.8295,2013
3102,PLW,99.17051,2015
3103,PSE,97.1884994506835,1997
3104,PSE,98.85481999999999,2004
3105,PSE,99.14568,2006
3106,PSE,98.9869,2007
3107,PSE,98.81536,2008
3108,PSE,99.23354,2009
3109,PSE,99.27404,2010
3110,PSE,99.367,2011
3111,PSE,99.22708,2012
3112,PSE,99.2749,2013
3113,PSE,99.31944,2014
3114,PSE,99.26786,2015
3115,PSE,99.31307,2016
3116,PAN,96.2839584350585,1980
3117,PAN,94.7777633666992,1990
3118,PAN,95.62273,2000
3119,PAN,97.33686999999999,2010
3120,PNG,64.05813,2000
3121,PRY,89.0011978149414,1982
3122,PRY,95.3614273071289,1992
3123,PRY,98.77916,2007
3124,PRY,98.23231,2008
3125,PRY,98.98827,2009
3126,PRY,98.72882,2010
3127,PRY,98.47231,2014
3128,PRY,98.6213,2015
3129,PER,89.7637176513672,1981
3130,PER,93.78624725341801,1993
3131,PER,95.65602,2004
3132,PER,96.28778,2005
3133,PER,96.95764,2006
3134,PER,96.70523,2007
3135,PER,98.67575,2012
3136,PER,98.78966,2014
3137,PER,98.7729,2015
3138,PER,98.6722,2016
3139,PHL,92.4690322875977,1980
3140,PHL,96.8777389526367,1990
3141,PHL,95.72028,2000
3142,PHL,96.58059,2003
3143,PHL,98.49152,2008
3144,PHL,98.81543,2013
3145,POL,99.8158111572266,1978
3146,POL,99.9992523193359,1994
3147,PRT,98.22210693359379,1981
3148,PRT,99.25787353515629,1991
3149,PRT,99.47964,2011
3150,PRI,94.397361755371,1980
3151,PRI,94.1121292114258,1990
3152,PRI,98.85419,2010
3153,QAT,91.2305221557617,1986
3154,QAT,95.8093109130859,1997
3155,QAT,97.54001,2004
3156,QAT,98.96525,2007
3157,QAT,96.88498,2008
3158,QAT,97.94622,2009
3159,QAT,98.26115,2010
3160,QAT,98.74933,2011
3161,QAT,99.83464000000001,2012
3162,QAT,99.33438000000001,2013
3163,QAT,99.64683000000001,2014
3164,ROU,99.0320892333984,1992
3165,ROU,97.77951999999999,2002
3166,ROU,98.97622,2011
3167,RUS,99.7494583129883,1989
3168,RUS,99.77128,2002
3169,RUS,99.75802,2010
3170,RWA,44.6915893554688,1978
3171,RWA,74.24578857421879,1991
3172,RWA,76.86258000000001,2000
3173,RWA,77.97246,2010
3174,RWA,83.48739,2012
3175,WSM,98.9499969482422,1991
3176,WSM,99.45804,2011
3177,STP,74.0576705932617,1981
3178,STP,91.8525772094727,1991
3179,STP,94.85257,2001
3180,STP,77.33728,2008
3181,STP,96.35088,2012
3182,SAU,81.0738296508789,1992
3183,SAU,93.71306,2000
3184,SAU,94.67571,2004
3185,SAU,99.13699,2013
3186,SEN,28.0347499847412,1988
3187,SEN,40.96837,2002
3188,SEN,44.54016,2006
3189,SEN,56.19144,2009
3190,SEN,58.999019999999994,2011
3191,SEN,50.96893,2013
3192,SRB,99.26991,2011
3193,SRB,99.72468,2016
3194,SYC,98.46446990966801,1987
3195,SYC,99.138427734375,1994
3196,SYC,99.37438,2002
3197,SYC,99.38308,2010
3198,SLE,37.35752,2004
3199,SLE,50.85709,2013
3200,SGP,96.15953826904301,1980
3201,SGP,99.08435821533199,1990
3202,SGP,99.60451,2000
3203,SGP,99.76666999999999,2010
3204,SGP,99.88059,2011
3205,SGP,99.89296,2012
3206,SGP,99.90101,2013
3207,SGP,99.90389,2014
3208,SGP,99.83811999999999,2015
3209,SGP,99.94051,2016
3210,SVN,99.7790069580078,1991
3211,ZAF,84.973258972168,1980
3212,ZAF,94.28854370117192,1996
3213,ZAF,98.09210999999999,2007
3214,ZAF,98.8174,2009
3215,ZAF,98.90137,2010
3216,ZAF,99.15214,2011
3217,ZAF,99.27071,2012
3218,ZAF,99.08436999999999,2014
3219,ZAF,99.22904,2015
3220,SSD,29.57762,2008
3221,ESP,98.642578125,1981
3222,ESP,99.5696792602539,1991
3223,ESP,99.53496,2004
3224,ESP,99.50209,2005
3225,ESP,99.55811,2007
3226,ESP,99.60261,2008
3227,ESP,99.55731999999999,2009
3228,ESP,99.68636,2010
3229,ESP,99.74597,2011
3230,ESP,99.70572,2012
3231,ESP,99.64289000000001,2013
3232,ESP,99.68681,2014
3233,ESP,99.69419,2015
3234,ESP,99.60606,2016
3235,LKA,90.19226837158199,1981
3236,LKA,96.12111,2001
3237,LKA,97.93921,2006
3238,LKA,98.5861,2008
3239,LKA,98.58896999999999,2010
3240,SDN,72.33138000000001,2000
3241,SDN,62.71716,2008
3242,SUR,94.13904000000001,2004
3243,SUR,99.45978000000001,2008
3244,SUR,98.80215,2010
3245,SUR,97.25966,2012
3246,SYR,59.01689147949221,1981
3247,SYR,92.96355,2002
3248,SYR,90.21858,2004
3249,TJK,99.6712493896484,1989
3250,TJK,99.84971999999999,2000
3251,TZA,77.8661727905273,1988
3252,TZA,76.20201999999999,2002
3253,TZA,72.771,2010
3254,TZA,84.84801999999999,2012
3255,TZA,84.6408,2015
3256,THA,96.1722030639648,1980
3257,THA,97.84793,2000
3258,THA,97.87893000000001,2005
3259,THA,96.55204,2010
3260,THA,98.65491,2013
3261,THA,98.29299,2015
3262,TLS,78.56844,2010
3263,TGO,63.55485,2000
3264,TGO,67.9237,2006
3265,TGO,74.55535,2009
3266,TGO,72.70812,2011
3267,TGO,78.37085,2015
3268,TON,99.796287536621,1976
3269,TON,99.35449981689449,1996
3270,TON,99.55504,2006
3271,TON,99.51043,2011
3272,TTO,99.24356079101558,1980
3273,TTO,99.3000030517578,1990
3274,TUN,62.523231506347706,1984
3275,TUN,75.0359268188477,1994
3276,TUN,92.2407,2004
3277,TUN,94.72457,2007
3278,TUN,95.78644,2008
3279,TUN,96.09356,2010
3280,TUN,96.31759,2011
3281,TUN,95.71758,2012
3282,TUN,95.80119,2014
3283,TUR,68.2533493041992,1975
3284,TUR,75.2379837036133,1980
3285,TUR,85.96096801757808,1985
3286,TUR,88.3857879638672,1990
3287,TUR,93.29502,2004
3288,TUR,93.96016,2005
3289,TUR,94.11954,2006
3290,TUR,94.28914,2007
3291,TUR,96.57019,2009
3292,TUR,97.19733000000001,2010
3293,TUR,97.9363,2011
3294,TUR,98.41265,2012
3295,TUR,98.74206,2013
3296,TUR,98.95092,2014
3297,TUR,99.16708,2015
3298,TKM,99.81292724609379,1995
3299,UGA,63.1238288879395,1991
3300,UGA,76.1791,2002
3301,UGA,81.12965,2006
3302,UGA,85.47146,2010
3303,UGA,81.6542,2012
3304,UKR,99.83452,2001
3305,UKR,99.98272,2012
3306,ARE,56.276969909668,1975
3307,ARE,84.514289855957,1985
3308,ARE,97.00174,2005
3309,URY,98.8356475830078,1975
3310,URY,98.9950790405273,1985
3311,URY,99.01730346679692,1996
3312,URY,99.11466,2006
3313,URY,99.01907,2007
3314,URY,99.3203,2008
3315,URY,99.2278,2009
3316,URY,99.22541,2010
3317,URY,99.12098,2011
3318,URY,99.29778,2012
3319,URY,99.31015,2013
3320,URY,99.39062,2014
3321,URY,99.22868000000001,2015
3322,UZB,99.89448,2000
3323,UZB,100,2013
3324,UZB,100,2014
3325,UZB,100,2015
3326,VUT,67.6440582275391,1979
3327,VUT,85.16844177246091,1994
3328,VEN,93.8853073120117,1981
3329,VEN,96.35971069335942,1990
3330,VEN,98.06629000000001,2001
3331,VEN,98.8361,2007
3332,VEN,98.80499,2009
3333,VEN,98.23637,2011
3334,VEN,99.31739,2015
3335,VEN,99.09258,2016
3336,VNM,94.02294158935551,1979
3337,VNM,93.4022216796875,1989
3338,VNM,93.82261,1999
3339,VNM,94.05552,2000
3340,VNM,96.78113,2009
3341,YEM,35.3777313232422,1994
3342,ZMB,65.5243682861328,1990
3343,ZMB,66.22681,1999
3344,ZMB,66.31098,2002
3345,ZMB,58.47755,2007
3346,ZMB,86.50945,2010
3347,ZWE,84.81224060058591,1982
3348,ZWE,94.3534393310547,1992
3349,ZWE,92.12456,2011
3350,ZWE,93.18835,2014
